<?xml version="1.0" encoding="UTF-8"?>
<Navig version="1.0">
<Files>
<F id="1" n="C:\Program Files\MATLAB\R2013b\polyspace\verifier\cxx\cinclude\stdarg.h"/>
<F id="2" n="C:\Synergy_KK\working\StOpCtrl-nz4qtt\StdDef\include\Platform_Types.h"/>
<F id="3" n="C:\Synergy_KK\working\StOpCtrl-nz4qtt\StdDef\include\Std_Types.h"/>
<F id="4" n="C:\Synergy_KK\working\StOpCtrl-nz4qtt\StOpCtrl\tools\contract\Ap_StOpCtrl\Rte_Type.h"/>
<F id="5" n="C:\Synergy_KK\working\StOpCtrl-nz4qtt\StOpCtrl\tools\contract\Ap_StOpCtrl\Rte_Ap_StOpCtrl.h"/>
<F id="6" n="C:\Program Files\MATLAB\R2013b\polyspace\verifier\cxx\include\include-libc\bits\huge_val.h"/>
<F id="7" n="C:\Synergy_KK\working\StOpCtrl-nz4qtt\StOpCtrl\src\Ap_StOpCtrl.c"/>
<F id="8" n="C:\Synergy_KK\working\StOpCtrl-nz4qtt\NxtrLib\include\GlobalMacro.h"/>
<F id="9" n="C-STUBS\__polyspace__stdstubs.c"/>
<F id="10" n="C:\Program Files\MATLAB\R2013b\polyspace\verifier\cxx\cinclude\__polyspace__std_decls.h"/>
<F id="11" n="C:\Program Files\MATLAB\R2013b\polyspace\verifier\cxx\cinclude\assert.h"/>
<F id="12" n="C:\Program Files\MATLAB\R2013b\polyspace\verifier\cxx\cinclude\__polyspace__libc_defs.h"/>
<F id="13" n="C:\Synergy_KK\working\StOpCtrl-nz4qtt\StOpCtrl\tools\contract\Ap_StOpCtrl\Rte.h"/>
<F id="14" n="C:\Synergy_KK\working\StOpCtrl-nz4qtt\StdDef\include\Compiler.h"/>
<F id="15" n="C:\Synergy_KK\working\StOpCtrl-nz4qtt\StOpCtrl\tools\contract\Compiler_Cfg.h"/>
<F id="16" n="C:\Synergy_KK\working\StOpCtrl-nz4qtt\StOpCtrl\tools\contract\MemMap.h"/>
<F id="17" n="C:\Program Files\MATLAB\R2013b\polyspace\verifier\cxx\include\include-libc\math.h"/>
<F id="18" n="C:\Program Files\MATLAB\R2013b\polyspace\verifier\cxx\include\include-libc\features.h"/>
<F id="19" n="C:\Program Files\MATLAB\R2013b\polyspace\verifier\cxx\include\include-libc\sys\cdefs.h"/>
<F id="20" n="C:\Program Files\MATLAB\R2013b\polyspace\verifier\cxx\include\include-libc\gnu\stubs.h"/>
<F id="21" n="C:\Program Files\MATLAB\R2013b\polyspace\verifier\cxx\include\include-libc\endian.h"/>
<F id="22" n="C:\Program Files\MATLAB\R2013b\polyspace\verifier\cxx\include\include-libc\bits\endian.h"/>
<F id="23" n="C:\Program Files\MATLAB\R2013b\polyspace\verifier\cxx\include\include-libc\bits\mathdef.h"/>
<F id="24" n="C:\Program Files\MATLAB\R2013b\polyspace\verifier\cxx\include\include-libc\bits\mathcalls.h"/>
<F id="25" n="C:\Program Files\MATLAB\R2013b\polyspace\verifier\cxx\include\include-libc\float.h"/>
</Files>
<Definitions>
<D id="1" f="7" l="390" c="121" n="SelRampValue_Uls_T_f32" t="4" d="1"/>
<D id="2" f="7" l="391" c="121" n="SelRampRate_UlspS_T_f32" t="4" d="1"/>
<D id="3" f="7" l="385" c="120" n="LoaScaleFctr_Uls_T_f32" t="4" d="1"/>
<D id="4" f="7" l="386" c="120" n="StrtStopScaleFctr_Uls_T_f32" t="4" d="1"/>
<D id="5" f="7" l="387" c="120" n="OperRateLimit_UlspS_T_f32" t="4" d="1"/>
<D id="6" f="7" l="388" c="120" n="LoaRateLimit_UlspS_T_f32" t="4" d="1"/>
<D id="7" f="7" l="389" c="120" n="StrtStopRateLimit_UlspS_T_f32" t="4" d="1"/>
<D id="8" f="9" l="6853" c="14" n="_polyspace_compare_function_type" t="7" d="1"/>
<D id="9" f="9" l="11313" c="21" n="HUGE_VAL" t="1" d="1"/>
<D id="10" f="9" l="11314" c="21" n="HUGE_VALF" t="1" d="1"/>
<D id="11" f="9" l="11315" c="21" n="HUGE_VALL" t="1" d="1"/>
<D id="12" f="9" l="11295" c="12" n="_polyspace_random_long_double" t="2" d="1"/>
<D id="13" f="9" l="12157" c="16" n="__polyspace_absolute_address" t="1" d="1"/>
<D id="14" f="9" l="11297" c="23" n="random" t="4" d="1"/>
<D id="15" f="6" l="52" c="20" n="__huge_val" t="3" d="1"/>
<D id="16" f="6" l="43" c="30" n="__c" t="9" d="1"/>
<D id="17" f="8" l="38" c="9" n="Blend_f32" t="2" d="1"/>
<D id="18" f="9" l="33" c="21" n="wchar_t" t="7" d="1"/>
<D id="19" f="9" l="30" c="14" n="ptrdiff_t" t="7" d="1"/>
<D id="20" f="3" l="117" c="2" n="Std_VersionInfoType" t="7" d="1"/>
<D id="21" f="5" l="41" c="42" n="Rte_Instance" t="7" d="1"/>
<D id="22" f="4" l="173" c="2" n="Rte_DE_Float" t="7" d="1"/>
<D id="23" f="4" l="53" c="14" n="UInt8" t="7" d="1"/>
<D id="24" f="9" l="404" c="4" n="errno" t="1" d="1"/>
<D id="25" f="1" l="45" c="14" n="__va_list" t="7" d="1"/>
<D id="26" f="4" l="43" c="15" n="UInt16" t="7" d="1"/>
<D id="27" f="6" l="43" c="52" n="__huge_val_t" t="7" d="1"/>
<D id="28" f="7" l="215" c="5" n="StOpCtrl_Per1" t="2" d="1"/>
<D id="29" f="1" l="50" c="18" n="__gnuc_va_list" t="7" d="1"/>
<D id="30" f="4" l="84" c="14" n="SInt8" t="7" d="1"/>
<D id="31" f="9" l="28" c="23" n="size_t" t="7" d="1"/>
<D id="32" f="4" l="35" c="16" n="Boolean" t="7" d="1"/>
<D id="33" f="7" l="95" c="13" n="StOpCtrl_State_Cnt_M_u08" t="3" d="1"/>
<D id="34" f="4" l="74" c="15" n="SInt32" t="7" d="1"/>
<D id="35" f="7" l="96" c="13" n="StOpCtrl_RateSource_Cnt_M_u08" t="3" d="1"/>
<D id="36" f="4" l="64" c="16" n="Double" t="7" d="1"/>
<D id="37" f="4" l="178" c="2" n="Rte_DE_Boolean" t="7" d="1"/>
<D id="38" f="7" l="164" c="5" n="StOpCtrl_Init" t="2" d="1"/>
<D id="39" f="4" l="48" c="15" n="UInt32" t="7" d="1"/>
<D id="40" f="6" l="43" c="45" n="__d" t="9" d="1"/>
<D id="41" f="4" l="38" c="16" n="Float" t="7" d="1"/>
<D id="42" f="4" l="79" c="14" n="SInt4" t="7" d="1"/>
<D id="43" f="4" l="89" c="14" n="UInt4" t="7" d="1"/>
<D id="44" f="4" l="69" c="15" n="SInt16" t="7" d="1"/>
<D id="45" f="4" l="172" c="8" n="value" t="9" d="1"/>
<D id="46" f="7" l="87" c="15" n="StOpCtrl_ScaleSV_Uls_M_f32" t="3" d="1"/>
<D id="47" f="7" l="88" c="24" n="StOpCtrl_RateLimit_UlspS_D_f32" t="3" d="1"/>
<D id="48" f="7" l="89" c="24" n="StOpCtrl_TargetScale_Uls_D_f32" t="3" d="1"/>
<D id="49" f="8" l="38" c="27" n="In1_Uls_T_f32" t="4" d="1"/>
<D id="50" f="1" l="49" c="18" n="va_list" t="7" d="1"/>
<D id="51" f="4" l="185" c="7" n="Rte_CDS_Ap_StOpCtrl" t="6" d="1"/>
<D id="52" f="8" l="40" c="97" n="Factor_Uls_T_f32" t="4" d="1"/>
<D id="53" f="8" l="39" c="97" n="In2_Uls_T_f32" t="4" d="1"/>
<D id="54" f="3" l="111" c="10" n="vendorID" t="9" d="1"/>
<D id="55" f="3" l="112" c="10" n="moduleID" t="9" d="1"/>
<D id="56" f="3" l="113" c="10" n="instanceID" t="9" d="1"/>
<D id="57" f="3" l="100" c="22" n="StatusType" t="7" d="1"/>
<D id="58" f="3" l="114" c="10" n="sw_major_version" t="9" d="1"/>
<D id="59" f="3" l="115" c="10" n="sw_minor_version" t="9" d="1"/>
<D id="60" f="3" l="116" c="10" n="sw_patch_version" t="9" d="1"/>
<D id="61" f="7" l="321" c="12" n="fabsf" t="2" d="0"/>
<D id="62" f="7" l="222" c="14" n="ArbdSt_Cnt_T_u08" t="4" d="1"/>
<D id="63" f="9" l="430" c="23" n="_polyspace_random_uchar" t="5" d="1"/>
<D id="64" f="7" l="235" c="12" n="ArbdTarSca_Uls_T_f32" t="4" d="1"/>
<D id="65" f="4" l="177" c="10" n="value" t="9" d="1"/>
<D id="66" f="9" l="422" c="14" n="_polyspace_random_char" t="5" d="1"/>
<D id="67" f="7" l="236" c="12" n="OutputRampMult_Uls_T_f32" t="4" d="1"/>
<D id="68" f="3" l="107" c="14" n="Std_ReturnType" t="7" d="1"/>
<D id="69" f="7" l="230" c="16" n="OperRateLimit_UlspS_T_f32" t="4" d="1"/>
<D id="70" f="9" l="440" c="24" n="random" t="4" d="1"/>
<D id="71" f="7" l="237" c="12" n="LoaRateLimit_UlspS_T_f32" t="4" d="1"/>
<D id="72" f="7" l="240" c="16" n="StrtStopScaleFctr_Uls_T_f32" t="4" d="1"/>
<D id="73" f="7" l="231" c="16" n="DiagScaleFctr_Uls_T_f32" t="4" d="1"/>
<D id="74" f="7" l="241" c="16" n="StepLimit_Uls_T_f32" t="4" d="1"/>
<D id="75" f="7" l="232" c="16" n="DiagRampRate_XpmS_T_f32" t="4" d="1"/>
<D id="76" f="2" l="120" c="28" n="uint64" t="7" d="1"/>
<D id="77" f="7" l="384" c="12" n="TargetSelection" t="5" d="1"/>
<D id="78" f="7" l="223" c="16" n="RampSrlComSvcDft_Cnt_T_lgc" t="4" d="1"/>
<D id="79" f="2" l="111" c="28" n="boolean" t="7" d="1"/>
<D id="80" f="7" l="242" c="16" n="SelRampValue_Uls_T_f32" t="4" d="1"/>
<D id="81" f="7" l="233" c="16" n="DiagRateLimit_UlspS_T_f32" t="4" d="1"/>
<D id="82" f="9" l="432" c="34" n="random" t="4" d="1"/>
<D id="83" f="7" l="224" c="16" n="DiagStsDiagRmpActive_Cnt_T_lgc" t="4" d="1"/>
<D id="84" f="9" l="454" c="23" n="_polyspace_random_ulong" t="5" d="1"/>
<D id="85" f="7" l="243" c="16" n="SelRampRate_UlspS_T_f32" t="4" d="1"/>
<D id="86" f="7" l="234" c="16" n="ArbdRate_UlspS_T_f32" t="4" d="1"/>
<D id="87" f="2" l="122" c="28" n="uint8_least" t="7" d="1"/>
<D id="88" f="7" l="225" c="16" n="RampDwnStatusComplete_T_lgc" t="4" d="1"/>
<D id="89" f="2" l="113" c="28" n="sint8" t="7" d="1"/>
<D id="90" f="9" l="424" c="25" n="random" t="4" d="1"/>
<D id="91" f="4" l="191" c="16" n="StOpCtrl_Per1_LoaRateLimit_UlspS_f32" t="9" d="1"/>
<D id="92" f="9" l="438" c="13" n="_polyspace_random_int" t="5" d="1"/>
<D id="93" f="7" l="244" c="16" n="Scale_Uls_T_f32" t="4" d="1"/>
<D id="94" f="9" l="461" c="16" n="_polyspace_random_double" t="5" d="1"/>
<D id="95" f="2" l="132" c="28" n="float32" t="7" d="1"/>
<D id="96" f="9" l="446" c="14" n="_polyspace_random_long" t="5" d="1"/>
<D id="97" f="2" l="123" c="28" n="uint16_least" t="7" d="1"/>
<D id="98" f="7" l="226" c="16" n="SysStReqDi_Cnt_T_lgc" t="4" d="1"/>
<D id="99" f="2" l="114" c="28" n="uint8" t="7" d="1"/>
<D id="100" f="4" l="192" c="16" n="StOpCtrl_Per1_LoaScaleFctr_Uls_f32" t="9" d="1"/>
<D id="101" f="2" l="133" c="28" n="float64" t="7" d="1"/>
<D id="102" f="2" l="124" c="28" n="uint32_least" t="7" d="1"/>
<D id="103" f="2" l="115" c="28" n="sint16" t="7" d="1"/>
<D id="104" f="4" l="193" c="16" n="StOpCtrl_Per1_OperRampRate_XpmS_f32" t="9" d="1"/>
<D id="105" f="4" l="190" c="18" n="StOpCtrl_Per1_DiagStsDiagRmpActive_Cnt_lgc" t="9" d="1"/>
<D id="106" f="9" l="3508" c="4" n="__polyspace_nb_varargs" t="1" d="1"/>
<D id="107" f="2" l="125" c="28" n="uint64_least" t="7" d="1"/>
<D id="108" f="7" l="228" c="16" n="OperScaleFctr_Uls_T_f32" t="4" d="1"/>
<D id="109" f="2" l="116" c="28" n="uint16" t="7" d="1"/>
<D id="110" f="4" l="194" c="16" n="StOpCtrl_Per1_OperRampValue_Uls_f32" t="9" d="1"/>
<D id="111" f="7" l="238" c="16" n="LoaScaleFctr_Uls_T_f32" t="4" d="1"/>
<D id="112" f="2" l="126" c="28" n="sint8_least" t="7" d="1"/>
<D id="113" f="7" l="229" c="16" n="OperRampRate_XpmS_T_f32" t="4" d="1"/>
<D id="114" f="2" l="117" c="28" n="sint32" t="7" d="1"/>
<D id="115" f="4" l="195" c="16" n="StOpCtrl_Per1_OutputRampMult_Uls_f32" t="9" d="1"/>
<D id="116" f="9" l="456" c="34" n="random" t="4" d="1"/>
<D id="117" f="4" l="206" c="47" n="Rte_Inst_Ap_StOpCtrl" t="1" d="0"/>
<D id="118" f="7" l="239" c="16" n="StrtStopRateLimit_UlspS_T_f32" t="4" d="1"/>
<D id="119" f="2" l="127" c="28" n="sint16_least" t="7" d="1"/>
<D id="120" f="2" l="118" c="28" n="uint32" t="7" d="1"/>
<D id="121" f="9" l="463" c="27" n="random" t="4" d="1"/>
<D id="122" f="9" l="448" c="25" n="random" t="4" d="1"/>
<D id="123" f="2" l="128" c="28" n="sint32_least" t="7" d="1"/>
<D id="124" f="2" l="119" c="28" n="sint64" t="7" d="1"/>
<D id="125" f="4" l="197" c="16" n="StOpCtrl_Per1_StrtStopRateLimit_UlspS_f32" t="9" d="1"/>
<D id="126" f="9" l="3507" c="7" n="__polyspace_vararg" t="1" d="1"/>
<D id="127" f="4" l="188" c="16" n="StOpCtrl_Per1_DiagRampRate_XpmS_f32" t="9" d="1"/>
<D id="128" f="2" l="129" c="28" n="sint64_least" t="7" d="1"/>
<D id="129" f="4" l="198" c="16" n="StOpCtrl_Per1_StrtStopScaleFctr_Uls_f32" t="9" d="1"/>
<D id="130" f="4" l="189" c="16" n="StOpCtrl_Per1_DiagRampValue_Uls_f32" t="9" d="1"/>
<D id="131" f="4" l="196" c="18" n="StOpCtrl_Per1_RampSrlComSvcDft_Cnt_lgc" t="9" d="1"/>
<D id="132" f="7" l="384" c="38" n="OperScaleFctr_Uls_T_f32" t="4" d="1"/>
<D id="133" f="4" l="199" c="18" n="StOpCtrl_Per1_SysStReqDi_Cnt_lgc" t="9" d="1"/>
</Definitions>
<Uses>
<U id="1" f="7" l="101" c="112" d="95" a="0"/>
<U id="2" f="7" l="313" c="110" d="74" a="0"/>
<U id="3" f="7" l="102" c="112" d="95" a="0"/>
<U id="4" f="7" l="103" c="112" d="95" a="0"/>
<U id="5" f="7" l="104" c="112" d="95" a="0"/>
<U id="6" f="7" l="254" c="119" d="45" a="0"/>
<U id="7" f="7" l="105" c="112" d="95" a="0"/>
<U id="8" f="7" l="106" c="112" d="95" a="0"/>
<U id="9" f="7" l="313" c="221" d="46" a="0"/>
<U id="10" f="7" l="107" c="112" d="95" a="0"/>
<U id="11" f="7" l="253" c="121" d="65" a="0"/>
<U id="12" f="7" l="302" c="142" d="86" a="0"/>
<U id="13" f="7" l="390" c="112" d="95" a="0"/>
<U id="14" f="7" l="313" c="250" d="74" a="0"/>
<U id="15" f="7" l="313" c="331" d="64" a="0"/>
<U id="16" f="7" l="391" c="112" d="95" a="0"/>
<U id="17" f="7" l="385" c="112" d="95" a="0"/>
<U id="18" f="7" l="257" c="122" d="45" a="0"/>
<U id="19" f="7" l="313" c="306" d="74" a="0"/>
<U id="20" f="7" l="386" c="112" d="95" a="0"/>
<U id="21" f="7" l="348" c="122" d="93" a="0"/>
<U id="22" f="7" l="387" c="112" d="95" a="0"/>
<U id="23" f="7" l="250" c="118" d="45" a="0"/>
<U id="24" f="7" l="388" c="112" d="95" a="0"/>
<U id="25" f="7" l="252" c="117" d="65" a="0"/>
<U id="26" f="7" l="251" c="118" d="45" a="0"/>
<U id="27" f="7" l="389" c="112" d="95" a="0"/>
<U id="28" f="7" l="313" c="137" d="46" a="0"/>
<U id="29" f="7" l="256" c="116" d="45" a="0"/>
<U id="30" f="7" l="255" c="117" d="45" a="0"/>
<U id="31" f="7" l="313" c="166" d="74" a="0"/>
<U id="32" f="7" l="313" c="194" d="64" a="0"/>
<U id="33" f="7" l="248" c="118" d="45" a="0"/>
<U id="34" f="7" l="249" c="118" d="45" a="0"/>
<U id="35" f="7" l="313" c="277" d="46" a="0"/>
<U id="36" f="7" l="286" c="128" d="64" a="0"/>
<U id="37" f="9" l="11298" c="9" d="14" a="0"/>
<U id="38" f="8" l="38" c="1" d="95" a="0"/>
<U id="39" f="1" l="50" c="8" d="25" a="0"/>
<U id="40" f="6" l="52" c="7" d="27" a="0"/>
<U id="41" f="4" l="43" c="8" d="109" a="0"/>
<U id="42" f="4" l="53" c="8" d="99" a="0"/>
<U id="43" f="4" l="35" c="8" d="79" a="0"/>
<U id="44" f="1" l="84" c="7" d="50" a="0"/>
<U id="45" f="4" l="64" c="8" d="101" a="0"/>
<U id="46" f="4" l="74" c="8" d="114" a="0"/>
<U id="47" f="4" l="84" c="8" d="89" a="0"/>
<U id="48" f="4" l="38" c="8" d="95" a="0"/>
<U id="49" f="4" l="48" c="8" d="120" a="0"/>
<U id="50" f="7" l="95" c="7" d="99" a="0"/>
<U id="51" f="1" l="49" c="8" d="25" a="0"/>
<U id="52" f="7" l="96" c="7" d="99" a="0"/>
<U id="53" f="7" l="87" c="7" d="95" a="0"/>
<U id="54" f="4" l="69" c="8" d="103" a="0"/>
<U id="55" f="4" l="79" c="8" d="89" a="0"/>
<U id="56" f="4" l="89" c="8" d="99" a="0"/>
<U id="57" f="3" l="111" c="3" d="109" a="0"/>
<U id="58" f="3" l="112" c="3" d="109" a="0"/>
<U id="59" f="5" l="41" c="21" d="51" a="0"/>
<U id="60" f="3" l="113" c="3" d="99" a="0"/>
<U id="61" f="3" l="114" c="3" d="99" a="0"/>
<U id="62" f="3" l="115" c="3" d="99" a="0"/>
<U id="63" f="8" l="38" c="19" d="95" a="0"/>
<U id="64" f="4" l="190" c="2" d="37" a="0"/>
<U id="65" f="8" l="42" c="13" d="49" a="0"/>
<U id="66" f="4" l="172" c="2" d="41" a="0"/>
<U id="67" f="1" l="84" c="39" d="50" a="0"/>
<U id="68" f="3" l="116" c="3" d="99" a="0"/>
<U id="69" f="4" l="191" c="2" d="22" a="0"/>
<U id="70" f="4" l="192" c="2" d="22" a="0"/>
<U id="71" f="8" l="40" c="89" d="95" a="0"/>
<U id="72" f="4" l="193" c="2" d="22" a="0"/>
<U id="73" f="4" l="194" c="2" d="22" a="0"/>
<U id="74" f="7" l="235" c="4" d="95" a="0"/>
<U id="75" f="7" l="230" c="8" d="95" a="0"/>
<U id="76" f="7" l="311" c="8" d="74" a="1"/>
<U id="77" f="4" l="195" c="2" d="22" a="0"/>
<U id="78" f="7" l="236" c="4" d="95" a="0"/>
<U id="79" f="4" l="177" c="2" d="32" a="0"/>
<U id="80" f="7" l="240" c="8" d="95" a="0"/>
<U id="81" f="7" l="231" c="8" d="95" a="0"/>
<U id="82" f="4" l="196" c="2" d="37" a="0"/>
<U id="83" f="7" l="222" c="8" d="99" a="0"/>
<U id="84" f="7" l="237" c="4" d="95" a="0"/>
<U id="85" f="7" l="250" c="8" d="73" a="1"/>
<U id="86" f="8" l="42" c="36" d="52" a="0"/>
<U id="87" f="7" l="241" c="8" d="95" a="0"/>
<U id="88" f="7" l="232" c="8" d="95" a="0"/>
<U id="89" f="7" l="313" c="8" d="93" a="1"/>
<U id="90" f="4" l="197" c="2" d="22" a="0"/>
<U id="91" f="7" l="223" c="8" d="79" a="0"/>
<U id="92" f="4" l="188" c="2" d="22" a="0"/>
<U id="93" f="8" l="42" c="73" d="52" a="0"/>
<U id="94" f="7" l="260" c="8" d="81" a="1"/>
<U id="95" f="7" l="251" c="8" d="75" a="1"/>
<U id="96" f="7" l="242" c="8" d="95" a="0"/>
<U id="97" f="7" l="233" c="8" d="95" a="0"/>
<U id="98" f="3" l="107" c="8" d="99" a="0"/>
<U id="99" f="4" l="198" c="2" d="22" a="0"/>
<U id="100" f="7" l="224" c="8" d="79" a="0"/>
<U id="101" f="7" l="305" c="8" d="47" a="1"/>
<U id="102" f="4" l="189" c="2" d="22" a="0"/>
<U id="103" f="7" l="252" c="8" d="83" a="1"/>
<U id="104" f="7" l="243" c="8" d="95" a="0"/>
<U id="105" f="7" l="234" c="8" d="95" a="0"/>
<U id="106" f="7" l="315" c="8" d="46" a="1"/>
<U id="107" f="4" l="199" c="2" d="37" a="0"/>
<U id="108" f="8" l="39" c="89" d="95" a="0"/>
<U id="109" f="7" l="225" c="8" d="79" a="0"/>
<U id="110" f="7" l="262" c="8" d="77" a="0"/>
<U id="111" f="7" l="253" c="8" d="78" a="1"/>
<U id="112" f="7" l="244" c="8" d="95" a="0"/>
<U id="113" f="7" l="226" c="8" d="79" a="0"/>
<U id="114" f="8" l="42" c="57" d="53" a="0"/>
<U id="115" f="7" l="254" c="8" d="71" a="1"/>
<U id="116" f="7" l="88" c="16" d="95" a="0"/>
<U id="117" f="7" l="255" c="8" d="111" a="1"/>
<U id="118" f="7" l="89" c="16" d="95" a="0"/>
<U id="119" f="7" l="228" c="8" d="95" a="0"/>
<U id="120" f="7" l="256" c="8" d="118" a="1"/>
<U id="121" f="7" l="238" c="8" d="95" a="0"/>
<U id="122" f="7" l="229" c="8" d="95" a="0"/>
<U id="123" f="7" l="257" c="8" d="72" a="1"/>
<U id="124" f="7" l="248" c="8" d="113" a="1"/>
<U id="125" f="7" l="239" c="8" d="95" a="0"/>
<U id="126" f="7" l="348" c="8" d="67" a="1"/>
<U id="127" f="7" l="249" c="8" d="108" a="1"/>
<U id="128" f="7" l="286" c="8" d="64" a="1"/>
<U id="129" f="7" l="259" c="8" d="69" a="1"/>
<U id="130" f="7" l="288" c="8" d="48" a="1"/>
<U id="131" f="7" l="100" c="29" d="95" a="0"/>
<U id="132" f="7" l="321" c="12" d="61" a="0"/>
<U id="133" f="7" l="352" c="10" d="117" a="0"/>
<U id="134" f="4" l="206" c="20" d="51" a="0"/>
<U id="135" f="9" l="441" c="11" d="70" a="0"/>
<U id="136" f="7" l="353" c="10" d="117" a="0"/>
<U id="137" f="7" l="340" c="40" d="32" a="0"/>
<U id="138" f="9" l="433" c="11" d="82" a="0"/>
<U id="139" f="7" l="250" c="59" d="117" a="0"/>
<U id="140" f="7" l="340" c="50" d="79" a="0"/>
<U id="141" f="9" l="425" c="11" d="90" a="0"/>
<U id="142" f="7" l="311" c="42" d="86" a="0"/>
<U id="143" f="7" l="332" c="13" d="62" a="0"/>
<U id="144" f="7" l="403" c="50" d="4" a="0"/>
<U id="145" f="7" l="251" c="59" d="117" a="0"/>
<U id="146" f="7" l="335" c="39" d="88" a="0"/>
<U id="147" f="7" l="305" c="41" d="86" a="0"/>
<U id="148" f="7" l="423" c="50" d="132" a="0"/>
<U id="149" f="7" l="302" c="43" d="86" a="0"/>
<U id="150" f="7" l="272" c="40" d="83" a="0"/>
<U id="151" f="9" l="464" c="11" d="121" a="0"/>
<U id="152" f="7" l="263" c="40" d="111" a="0"/>
<U id="153" f="7" l="302" c="16" d="86" a="1"/>
<U id="154" f="7" l="402" c="43" d="132" a="0"/>
<U id="155" f="7" l="253" c="59" d="117" a="0"/>
<U id="156" f="7" l="272" c="13" d="32" a="0"/>
<U id="157" f="7" l="352" c="32" d="115" a="0"/>
<U id="158" f="7" l="411" c="16" d="33" a="1"/>
<U id="159" f="7" l="264" c="40" d="72" a="0"/>
<U id="160" f="7" l="252" c="51" d="117" a="0"/>
<U id="161" f="7" l="434" c="50" d="3" a="0"/>
<U id="162" f="7" l="254" c="59" d="117" a="0"/>
<U id="163" f="7" l="340" c="16" d="98" a="1"/>
<U id="164" f="7" l="353" c="32" d="133" a="0"/>
<U id="165" f="7" l="403" c="25" d="3" a="0"/>
<U id="166" f="7" l="384" c="30" d="95" a="0"/>
<U id="167" f="7" l="272" c="23" d="79" a="0"/>
<U id="168" f="7" l="315" c="42" d="93" a="0"/>
<U id="169" f="7" l="265" c="40" d="69" a="0"/>
<U id="170" f="7" l="470" c="51" d="7" a="0"/>
<U id="171" f="9" l="457" c="11" d="116" a="0"/>
<U id="172" f="7" l="255" c="59" d="117" a="0"/>
<U id="173" f="7" l="348" c="39" d="93" a="0"/>
<U id="174" f="7" l="281" c="42" d="80" a="0"/>
<U id="175" f="7" l="352" c="79" d="67" a="0"/>
<U id="176" f="7" l="426" c="32" d="35" a="1"/>
<U id="177" f="7" l="266" c="40" d="71" a="0"/>
<U id="178" f="7" l="283" c="50" d="33" a="0"/>
<U id="179" f="7" l="352" c="70" d="45" a="0"/>
<U id="180" f="7" l="445" c="50" d="4" a="0"/>
<U id="181" f="7" l="423" c="25" d="1" a="0"/>
<U id="182" f="7" l="462" c="51" d="5" a="0"/>
<U id="183" f="9" l="449" c="11" d="122" a="0"/>
<U id="184" f="7" l="250" c="81" d="130" a="0"/>
<U id="185" f="7" l="282" c="42" d="85" a="0"/>
<U id="186" f="7" l="313" c="81" d="46" a="0"/>
<U id="187" f="7" l="324" c="16" d="88" a="1"/>
<U id="188" f="7" l="405" c="16" d="33" a="1"/>
<U id="189" f="7" l="446" c="59" d="46" a="0"/>
<U id="190" f="7" l="267" c="40" d="118" a="0"/>
<U id="191" f="7" l="321" c="18" d="93" a="0"/>
<U id="192" f="7" l="402" c="18" d="3" a="0"/>
<U id="193" f="7" l="262" c="25" d="108" a="0"/>
<U id="194" f="7" l="470" c="25" d="2" a="0"/>
<U id="195" f="7" l="251" c="81" d="127" a="0"/>
<U id="196" f="7" l="257" c="59" d="117" a="0"/>
<U id="197" f="7" l="295" c="40" d="78" a="0"/>
<U id="198" f="7" l="313" c="54" d="64" a="0"/>
<U id="199" f="7" l="396" c="39" d="3" a="0"/>
<U id="200" f="7" l="248" c="59" d="117" a="0"/>
<U id="201" f="7" l="437" c="32" d="35" a="1"/>
<U id="202" f="7" l="274" c="42" d="73" a="0"/>
<U id="203" f="7" l="281" c="16" d="64" a="1"/>
<U id="204" f="7" l="295" c="13" d="32" a="0"/>
<U id="205" f="7" l="434" c="25" d="1" a="0"/>
<U id="206" f="7" l="256" c="51" d="117" a="0"/>
<U id="207" f="7" l="333" c="17" d="62" a="0"/>
<U id="208" f="7" l="462" c="25" d="2" a="0"/>
<U id="209" f="7" l="249" c="59" d="117" a="0"/>
<U id="210" f="7" l="335" c="16" d="98" a="1"/>
<U id="211" f="7" l="275" c="42" d="81" a="0"/>
<U id="212" f="7" l="282" c="16" d="86" a="1"/>
<U id="213" f="7" l="253" c="81" d="131" a="0"/>
<U id="214" f="7" l="295" c="23" d="79" a="0"/>
<U id="215" f="7" l="448" c="32" d="35" a="1"/>
<U id="216" f="7" l="268" c="41" d="80" a="1"/>
<U id="217" f="7" l="396" c="13" d="132" a="0"/>
<U id="218" f="7" l="445" c="25" d="1" a="0"/>
<U id="219" f="7" l="283" c="16" d="62" a="1"/>
<U id="220" f="7" l="311" c="66" d="41" a="0"/>
<U id="221" f="7" l="252" c="73" d="105" a="0"/>
<U id="222" f="7" l="274" c="16" d="64" a="1"/>
<U id="223" f="7" l="466" c="51" d="6" a="0"/>
<U id="224" f="7" l="254" c="81" d="91" a="0"/>
<U id="225" f="7" l="269" c="41" d="85" a="1"/>
<U id="226" f="7" l="409" c="25" d="4" a="0"/>
<U id="227" f="7" l="275" c="16" d="86" a="1"/>
<U id="228" f="7" l="288" c="41" d="64" a="0"/>
<U id="229" f="7" l="255" c="81" d="100" a="0"/>
<U id="230" f="7" l="424" c="55" d="46" a="0"/>
<U id="231" f="7" l="419" c="16" d="33" a="0"/>
<U id="232" f="7" l="435" c="54" d="46" a="0"/>
<U id="233" f="7" l="329" c="16" d="88" a="1"/>
<U id="234" f="7" l="424" c="28" d="132" a="0"/>
<U id="235" f="7" l="276" c="16" d="62" a="1"/>
<U id="236" f="7" l="466" c="25" d="2" a="0"/>
<U id="237" f="7" l="324" c="47" d="32" a="0"/>
<U id="238" f="7" l="302" c="95" d="86" a="0"/>
<U id="239" f="7" l="408" c="18" d="4" a="0"/>
<U id="240" f="7" l="257" c="81" d="129" a="0"/>
<U id="241" f="7" l="248" c="81" d="104" a="0"/>
<U id="242" f="7" l="435" c="28" d="3" a="0"/>
<U id="243" f="7" l="324" c="57" d="79" a="0"/>
<U id="244" f="7" l="256" c="73" d="125" a="0"/>
<U id="245" f="7" l="260" c="58" d="75" a="0"/>
<U id="246" f="7" l="286" c="35" d="64" a="0"/>
<U id="247" f="7" l="249" c="81" d="110" a="0"/>
<U id="248" f="7" l="297" c="16" d="86" a="1"/>
<U id="249" f="7" l="397" c="43" d="4" a="0"/>
<U id="250" f="7" l="409" c="55" d="3" a="0"/>
<U id="251" f="7" l="459" c="16" d="35" a="0"/>
<U id="252" f="7" l="353" c="75" d="98" a="0"/>
<U id="253" f="7" l="353" c="66" d="65" a="0"/>
<U id="254" f="7" l="446" c="28" d="4" a="0"/>
<U id="255" f="7" l="348" c="82" d="93" a="0"/>
<U id="256" f="7" l="397" c="17" d="132" a="0"/>
<U id="257" f="7" l="408" c="48" d="132" a="0"/>
<U id="258" f="7" l="399" c="16" d="33" a="1"/>
<U id="259" f="7" l="329" c="47" d="32" a="0"/>
<U id="260" f="7" l="286" c="83" d="64" a="0"/>
<U id="261" f="7" l="329" c="57" d="79" a="0"/>
<U id="262" f="7" l="259" c="58" d="113" a="0"/>
</Uses>
<Blocks>
<B id="1" t="routine" f="7" l="164" c="5">
<BEGIN l="165" c="0"/>
<END l="176" c="0"/>
</B>
<B id="2" t="else" f="7" l="348" c="80">
<BEGIN l="348" c="80"/>
<END l="348" c="137"/>
</B>
<B id="3" t="if" f="7" l="348" c="67">
<BEGIN l="348" c="70"/>
<END l="348" c="73"/>
<ELSE d="2"/>
</B>
<B id="4" t="else" f="7" l="338" c="8">
<BEGIN l="339" c="8"/>
<END l="341" c="8"/>
</B>
<B id="5" t="if" f="7" l="332" c="8">
<BEGIN l="334" c="8"/>
<END l="336" c="8"/>
<ELSE d="4"/>
</B>
<B id="6" t="else" f="7" l="327" c="8">
<BEGIN l="328" c="8"/>
<END l="330" c="8"/>
</B>
<B id="7" t="if" f="7" l="321" c="8">
<BEGIN l="322" c="8"/>
<END l="325" c="8"/>
<ELSE d="6"/>
</B>
<B id="8" t="else" f="7" l="313" c="192">
<BEGIN l="313" c="192"/>
<END l="313" c="351"/>
</B>
<B id="9" t="if" f="7" l="313" c="133">
<BEGIN l="313" c="137"/>
<END l="313" c="184"/>
<ELSE d="8"/>
</B>
<B id="10" t="else" f="7" l="302" c="93">
<BEGIN l="302" c="93"/>
<END l="302" c="162"/>
</B>
<B id="11" t="if" f="7" l="302" c="78">
<BEGIN l="302" c="81"/>
<END l="302" c="86"/>
<ELSE d="10"/>
</B>
<B id="12" t="else" f="7" l="300" c="8">
<BEGIN l="301" c="8"/>
<END l="303" c="8"/>
<SUB d="11"/>
</B>
<B id="13" t="if" f="7" l="295" c="8">
<BEGIN l="296" c="8"/>
<END l="298" c="8"/>
<ELSE d="12"/>
</B>
<B id="14" t="else" f="7" l="286" c="81">
<BEGIN l="286" c="81"/>
<END l="286" c="148"/>
</B>
<B id="15" t="if" f="7" l="286" c="68">
<BEGIN l="286" c="71"/>
<END l="286" c="74"/>
<ELSE d="14"/>
</B>
<B id="16" t="else" f="7" l="279" c="8">
<BEGIN l="280" c="8"/>
<END l="284" c="8"/>
</B>
<B id="17" t="if" f="7" l="272" c="8">
<BEGIN l="273" c="8"/>
<END l="277" c="8"/>
<ELSE d="16"/>
</B>
<B id="18" t="routine" f="7" l="215" c="5">
<BEGIN l="216" c="0"/>
<END l="359" c="0"/>
<SUB d="3"/>
<SUB d="5"/>
<SUB d="7"/>
<SUB d="9"/>
<SUB d="13"/>
<SUB d="15"/>
<SUB d="17"/>
</B>
<B id="19" t="case" f="7" l="473" c="16">
<BEGIN l="475" c="16"/>
<END l="475" c="21"/>
</B>
<B id="20" t="case" f="7" l="469" c="16">
<BEGIN l="470" c="24"/>
<END l="471" c="21"/>
</B>
<B id="21" t="case" f="7" l="465" c="16">
<BEGIN l="466" c="24"/>
<END l="467" c="21"/>
</B>
<B id="22" t="case" f="7" l="461" c="16">
<BEGIN l="462" c="24"/>
<END l="463" c="21"/>
</B>
<B id="23" t="switch" f="7" l="459" c="8">
<BEGIN l="460" c="8"/>
<END l="476" c="8"/>
<CASE d="19"/>
<CASE d="20"/>
<CASE d="21"/>
<CASE d="22"/>
</B>
<B id="24" t="case" f="7" l="454" c="16">
<BEGIN l="456" c="16"/>
<END l="456" c="21"/>
</B>
<B id="25" t="if" f="7" l="446" c="24">
<BEGIN l="447" c="24"/>
<END l="449" c="24"/>
</B>
<B id="26" t="block" f="7" l="444" c="16">
<BEGIN l="444" c="16"/>
<END l="451" c="16"/>
<SUB d="25"/>
</B>
<B id="27" t="case" f="7" l="443" c="16">
<BEGIN l="444" c="16"/>
<END l="452" c="21"/>
<SUB d="26"/>
</B>
<B id="28" t="if" f="7" l="435" c="24">
<BEGIN l="436" c="24"/>
<END l="438" c="24"/>
</B>
<B id="29" t="block" f="7" l="433" c="16">
<BEGIN l="433" c="16"/>
<END l="440" c="16"/>
<SUB d="28"/>
</B>
<B id="30" t="case" f="7" l="432" c="16">
<BEGIN l="433" c="16"/>
<END l="441" c="21"/>
<SUB d="29"/>
</B>
<B id="31" t="if" f="7" l="424" c="24">
<BEGIN l="425" c="24"/>
<END l="427" c="24"/>
</B>
<B id="32" t="block" f="7" l="422" c="16">
<BEGIN l="422" c="16"/>
<END l="429" c="16"/>
<SUB d="31"/>
</B>
<B id="33" t="case" f="7" l="421" c="16">
<BEGIN l="422" c="16"/>
<END l="430" c="21"/>
<SUB d="32"/>
</B>
<B id="34" t="switch" f="7" l="419" c="8">
<BEGIN l="420" c="8"/>
<END l="457" c="8"/>
<CASE d="24"/>
<CASE d="27"/>
<CASE d="30"/>
<CASE d="33"/>
</B>
<B id="35" t="else" f="7" l="414" c="8">
<BEGIN l="415" c="8"/>
<END l="417" c="8"/>
</B>
<B id="36" t="if" f="7" l="408" c="13">
<BEGIN l="410" c="8"/>
<END l="412" c="8"/>
<ELSE d="35"/>
</B>
<B id="37" t="else" f="7" l="408" c="8">
<BEGIN l="408" c="13"/>
<END l="417" c="8"/>
<SUB d="36"/>
</B>
<B id="38" t="if" f="7" l="402" c="13">
<BEGIN l="404" c="8"/>
<END l="406" c="8"/>
<ELSE d="37"/>
</B>
<B id="39" t="else" f="7" l="402" c="8">
<BEGIN l="402" c="13"/>
<END l="417" c="8"/>
<SUB d="38"/>
</B>
<B id="40" t="if" f="7" l="396" c="8">
<BEGIN l="398" c="8"/>
<END l="400" c="8"/>
<ELSE d="39"/>
</B>
<B id="41" t="routine" f="7" l="384" c="12">
<BEGIN l="392" c="0"/>
<END l="478" c="0"/>
<SUB d="23"/>
<SUB d="34"/>
<SUB d="40"/>
</B>
<B id="42" t="ppcif" f="10" l="15" c="0">
<BEGIN l="15" c="27"/>
<END l="330" c="0"/>
</B>
<B id="43" t="ppcif" f="10" l="25" c="0">
<BEGIN l="25" c="19"/>
<END l="155" c="0"/>
</B>
<B id="44" t="ppcrmif" f="10" l="46" c="0">
<BEGIN l="46" c="93"/>
<END l="91" c="0"/>
</B>
<B id="45" t="ppcrmif" f="10" l="94" c="0">
<BEGIN l="94" c="91"/>
<END l="153" c="0"/>
</B>
<B id="46" t="ppcrmelse" f="10" l="155" c="0">
<BEGIN l="155" c="35"/>
<END l="328" c="0"/>
</B>
<B id="47" t="ppcif" f="11" l="11" c="0">
<BEGIN l="11" c="27"/>
<END l="36" c="0"/>
</B>
<B id="48" t="ppcrmif" f="11" l="14" c="0">
<BEGIN l="14" c="19"/>
<END l="29" c="0"/>
</B>
<B id="49" t="ppcelse" f="11" l="29" c="0">
<BEGIN l="29" c="5"/>
<END l="33" c="0"/>
</B>
<B id="50" t="ppcif" f="1" l="22" c="0">
<BEGIN l="22" c="17"/>
<END l="109" c="0"/>
</B>
<B id="51" t="ppcrmif" f="1" l="39" c="0">
<BEGIN l="39" c="66"/>
<END l="43" c="0"/>
</B>
<B id="52" t="ppcelse" f="1" l="43" c="0">
<BEGIN l="43" c="60"/>
<END l="47" c="0"/>
</B>
<B id="53" t="ppcrmif" f="1" l="52" c="0">
<BEGIN l="52" c="18"/>
<END l="58" c="0"/>
</B>
<B id="54" t="ppcrmif" f="1" l="62" c="0">
<BEGIN l="62" c="33"/>
<END l="80" c="0"/>
</B>
<B id="55" t="ppcelse" f="1" l="80" c="0">
<BEGIN l="80" c="31"/>
<END l="93" c="0"/>
</B>
<B id="56" t="ppcrmif" f="1" l="96" c="0">
<BEGIN l="96" c="14"/>
<END l="106" c="0"/>
</B>
<B id="57" t="ppcif" f="12" l="3" c="0">
<BEGIN l="3" c="29"/>
<END l="348" c="0"/>
</B>
<B id="58" t="ppcif" f="12" l="61" c="0">
<BEGIN l="63" c="27"/>
<END l="66" c="0"/>
</B>
<B id="59" t="ppcrmif" f="12" l="165" c="0">
<BEGIN l="165" c="17"/>
<END l="206" c="0"/>
</B>
<B id="60" t="ppcrmif" f="12" l="209" c="0">
<BEGIN l="209" c="37"/>
<END l="211" c="0"/>
</B>
<B id="61" t="ppcrmif" f="12" l="213" c="0">
<BEGIN l="213" c="44"/>
<END l="321" c="0"/>
</B>
<B id="62" t="ppcif" f="12" l="323" c="0">
<BEGIN l="323" c="18"/>
<END l="346" c="0"/>
</B>
<B id="63" t="ppcrmif" f="12" l="326" c="0">
<BEGIN l="326" c="18"/>
<END l="328" c="0"/>
</B>
<B id="64" t="ppcrmif" f="12" l="329" c="0">
<BEGIN l="329" c="63"/>
<END l="331" c="0"/>
</B>
<B id="65" t="ppcrmif" f="12" l="332" c="0">
<BEGIN l="332" c="64"/>
<END l="334" c="0"/>
</B>
<B id="66" t="ppcrmif" f="12" l="335" c="0">
<BEGIN l="335" c="16"/>
<END l="340" c="0"/>
</B>
<B id="67" t="ppcif" f="12" l="343" c="0">
<BEGIN l="343" c="57"/>
<END l="345" c="0"/>
</B>
<B id="68" t="ppcif" f="5" l="24" c="0">
<BEGIN l="24" c="26"/>
<END l="194" c="0"/>
</B>
<B id="69" t="ppcrmif" f="5" l="27" c="0">
<BEGIN l="27" c="35"/>
<END l="29" c="0"/>
</B>
<B id="70" t="ppcrmif" f="5" l="32" c="0">
<BEGIN l="32" c="19"/>
<END l="35" c="0"/>
</B>
<B id="71" t="ppcrmif" f="5" l="178" c="0">
<BEGIN l="178" c="19"/>
<END l="180" c="0"/>
</B>
<B id="72" t="ppcif" f="5" l="183" c="0">
<BEGIN l="183" c="26"/>
<END l="191" c="0"/>
</B>
<B id="73" t="ppcif" f="5" l="184" c="0">
<BEGIN l="184" c="25"/>
<END l="188" c="0"/>
</B>
<B id="74" t="ppcrmif" f="5" l="185" c="0">
<BEGIN l="185" c="37"/>
<END l="187" c="0"/>
</B>
<B id="75" t="ppcrmelse" f="5" l="188" c="0">
<BEGIN l="188" c="7"/>
<END l="190" c="0"/>
</B>
<B id="76" t="type" f="4" l="171" c="0">
<BEGIN l="171" c="0"/>
<END l="173" c="0"/>
</B>
<B id="77" t="type" f="4" l="176" c="0">
<BEGIN l="176" c="0"/>
<END l="178" c="0"/>
</B>
<B id="78" t="type" f="4" l="185" c="7">
<BEGIN l="185" c="25"/>
<END l="201" c="0"/>
</B>
<B id="79" t="ppcif" f="4" l="24" c="0">
<BEGIN l="24" c="19"/>
<END l="223" c="0"/>
</B>
<B id="80" t="ppcif" f="4" l="58" c="0">
<BEGIN l="58" c="38"/>
<END l="93" c="0"/>
</B>
<B id="81" t="ppcrmif" f="4" l="100" c="0">
<BEGIN l="100" c="69"/>
<END l="104" c="0"/>
</B>
<B id="82" t="ppcelse" f="4" l="104" c="0">
<BEGIN l="104" c="6"/>
<END l="107" c="0"/>
</B>
<B id="83" t="ppcrmif" f="4" l="109" c="0">
<BEGIN l="109" c="67"/>
<END l="113" c="0"/>
</B>
<B id="84" t="ppcelse" f="4" l="113" c="0">
<BEGIN l="113" c="6"/>
<END l="116" c="0"/>
</B>
<B id="85" t="ppcrmif" f="4" l="118" c="0">
<BEGIN l="118" c="65"/>
<END l="122" c="0"/>
</B>
<B id="86" t="ppcelse" f="4" l="122" c="0">
<BEGIN l="122" c="6"/>
<END l="125" c="0"/>
</B>
<B id="87" t="ppcrmif" f="4" l="127" c="0">
<BEGIN l="127" c="65"/>
<END l="131" c="0"/>
</B>
<B id="88" t="ppcelse" f="4" l="131" c="0">
<BEGIN l="131" c="6"/>
<END l="134" c="0"/>
</B>
<B id="89" t="ppcrmif" f="4" l="136" c="0">
<BEGIN l="136" c="67"/>
<END l="140" c="0"/>
</B>
<B id="90" t="ppcelse" f="4" l="140" c="0">
<BEGIN l="140" c="6"/>
<END l="143" c="0"/>
</B>
<B id="91" t="ppcrmif" f="4" l="145" c="0">
<BEGIN l="145" c="63"/>
<END l="149" c="0"/>
</B>
<B id="92" t="ppcelse" f="4" l="149" c="0">
<BEGIN l="149" c="6"/>
<END l="152" c="0"/>
</B>
<B id="93" t="ppcrmif" f="4" l="154" c="0">
<BEGIN l="154" c="65"/>
<END l="158" c="0"/>
</B>
<B id="94" t="ppcelse" f="4" l="158" c="0">
<BEGIN l="158" c="6"/>
<END l="161" c="0"/>
</B>
<B id="95" t="ppcif" f="4" l="212" c="0">
<BEGIN l="212" c="26"/>
<END l="220" c="0"/>
</B>
<B id="96" t="ppcif" f="4" l="213" c="0">
<BEGIN l="213" c="25"/>
<END l="217" c="0"/>
</B>
<B id="97" t="ppcrmif" f="4" l="214" c="0">
<BEGIN l="214" c="37"/>
<END l="216" c="0"/>
</B>
<B id="98" t="ppcrmelse" f="4" l="217" c="0">
<BEGIN l="217" c="7"/>
<END l="219" c="0"/>
</B>
<B id="99" t="ppcif" f="13" l="25" c="0">
<BEGIN l="25" c="14"/>
<END l="81" c="0"/>
</B>
<B id="100" t="ppcrmif" f="13" l="41" c="0">
<BEGIN l="41" c="44"/>
<END l="43" c="0"/>
</B>
<B id="101" t="ppcrmif" f="13" l="45" c="0">
<BEGIN l="45" c="46"/>
<END l="47" c="0"/>
</B>
<B id="102" t="ppcif" f="13" l="70" c="0">
<BEGIN l="70" c="26"/>
<END l="78" c="0"/>
</B>
<B id="103" t="ppcrmif" f="13" l="71" c="0">
<BEGIN l="71" c="25"/>
<END l="75" c="0"/>
</B>
<B id="104" t="ppcelse" f="13" l="75" c="0">
<BEGIN l="75" c="7"/>
<END l="77" c="0"/>
</B>
<B id="105" t="type" f="3" l="110" c="0">
<BEGIN l="110" c="0"/>
<END l="117" c="0"/>
</B>
<B id="106" t="ppcif" f="3" l="49" c="0">
<BEGIN l="49" c="19"/>
<END l="130" c="0"/>
</B>
<B id="107" t="ppcif" f="3" l="97" c="0">
<BEGIN l="97" c="26"/>
<END l="101" c="0"/>
</B>
<B id="108" t="ppcif" f="2" l="46" c="0">
<BEGIN l="46" c="24"/>
<END l="145" c="0"/>
</B>
<B id="109" t="ppcif" f="2" l="88" c="0">
<BEGIN l="88" c="12"/>
<END l="90" c="0"/>
</B>
<B id="110" t="ppcif" f="2" l="92" c="0">
<BEGIN l="92" c="13"/>
<END l="94" c="0"/>
</B>
<B id="111" t="ppcif" f="14" l="47" c="0">
<BEGIN l="47" c="18"/>
<END l="171" c="0"/>
</B>
<B id="112" t="ppcif" f="14" l="90" c="0">
<BEGIN l="90" c="16"/>
<END l="92" c="0"/>
</B>
<B id="113" t="ppcif" f="15" l="18" c="0">
<BEGIN l="18" c="22"/>
<END l="23" c="0"/>
</B>
<B id="114" t="ppcif" f="16" l="18" c="0">
<BEGIN l="18" c="16"/>
<END l="21" c="0"/>
</B>
<B id="115" t="ppcif" f="8" l="18" c="0">
<BEGIN l="18" c="21"/>
<END l="184" c="0"/>
</B>
<B id="116" t="routine" f="8" l="38" c="9">
<BEGIN l="41" c="0"/>
<END l="43" c="0"/>
</B>
<B id="117" t="ppcif" f="17" l="24" c="0">
<BEGIN l="24" c="15"/>
<END l="443" c="0"/>
</B>
<B id="118" t="ppcrmif" f="17" l="34" c="0">
<BEGIN l="34" c="19"/>
<END l="43" c="0"/>
</B>
<B id="119" t="ppcrmif" f="17" l="76" c="0">
<BEGIN l="76" c="46"/>
<END l="124" c="0"/>
</B>
<B id="120" t="ppcrmif" f="17" l="130" c="0">
<BEGIN l="130" c="45"/>
<END l="133" c="0"/>
</B>
<B id="121" t="ppcrmif" f="17" l="137" c="0">
<BEGIN l="137" c="19"/>
<END l="255" c="0"/>
</B>
<B id="122" t="ppcrmif" f="17" l="257" c="0">
<BEGIN l="257" c="17"/>
<END l="272" c="0"/>
</B>
<B id="123" t="ppcrmif" f="17" l="275" c="0">
<BEGIN l="275" c="17"/>
<END l="313" c="0"/>
</B>
<B id="124" t="ppcelse" f="17" l="313" c="0">
<BEGIN l="313" c="17"/>
<END l="320" c="0"/>
</B>
<B id="125" t="ppcrmif" f="17" l="315" c="0">
<BEGIN l="315" c="19"/>
<END l="318" c="0"/>
</B>
<B id="126" t="ppcrmif" f="17" l="324" c="0">
<BEGIN l="324" c="44"/>
<END l="338" c="0"/>
</B>
<B id="127" t="ppcrmif" f="17" l="343" c="0">
<BEGIN l="343" c="16"/>
<END l="357" c="0"/>
</B>
<B id="128" t="ppcif" f="17" l="363" c="0">
<BEGIN l="363" c="57"/>
<END l="365" c="0"/>
</B>
<B id="129" t="ppcrmif" f="17" l="367" c="0">
<BEGIN l="367" c="47"/>
<END l="380" c="0"/>
</B>
<B id="130" t="ppcrmif" f="17" l="383" c="0">
<BEGIN l="383" c="27"/>
<END l="385" c="0"/>
</B>
<B id="131" t="ppcrmif" f="17" l="387" c="0">
<BEGIN l="387" c="19"/>
<END l="438" c="0"/>
</B>
<B id="132" t="ppcif" f="18" l="19" c="0">
<BEGIN l="19" c="19"/>
<END l="345" c="0"/>
</B>
<B id="133" t="ppcif" f="18" l="113" c="0">
<BEGIN l="113" c="27"/>
<END l="115" c="0"/>
</B>
<B id="134" t="ppcrmif" f="18" l="127" c="0">
<BEGIN l="127" c="46"/>
<END l="130" c="0"/>
</B>
<B id="135" t="ppcelse" f="18" l="130" c="0">
<BEGIN l="130" c="5"/>
<END l="132" c="0"/>
</B>
<B id="136" t="ppcrmif" f="18" l="136" c="0">
<BEGIN l="139" c="50"/>
<END l="141" c="0"/>
</B>
<B id="137" t="ppcrmif" f="18" l="144" c="0">
<BEGIN l="144" c="18"/>
<END l="161" c="0"/>
</B>
<B id="138" t="ppcrmif" f="18" l="165" c="0">
<BEGIN l="168" c="51"/>
<END l="171" c="0"/>
</B>
<B id="139" t="ppcrmif" f="18" l="177" c="0">
<BEGIN l="178" c="66"/>
<END l="180" c="0"/>
</B>
<B id="140" t="ppcrmif" f="18" l="184" c="0">
<BEGIN l="185" c="56"/>
<END l="192" c="0"/>
</B>
<B id="141" t="ppcrmif" f="18" l="194" c="0">
<BEGIN l="194" c="74"/>
<END l="196" c="0"/>
</B>
<B id="142" t="ppcrmif" f="18" l="198" c="0">
<BEGIN l="198" c="76"/>
<END l="200" c="0"/>
</B>
<B id="143" t="ppcrmif" f="18" l="202" c="0">
<BEGIN l="202" c="36"/>
<END l="204" c="0"/>
</B>
<B id="144" t="ppcrmif" f="18" l="206" c="0">
<BEGIN l="206" c="36"/>
<END l="208" c="0"/>
</B>
<B id="145" t="ppcrmif" f="18" l="210" c="0">
<BEGIN l="210" c="36"/>
<END l="212" c="0"/>
</B>
<B id="146" t="ppcrmif" f="18" l="214" c="0">
<BEGIN l="214" c="20"/>
<END l="231" c="0"/>
</B>
<B id="147" t="ppcrmif" f="18" l="233" c="0">
<BEGIN l="233" c="24"/>
<END l="235" c="0"/>
</B>
<B id="148" t="ppcrmif" f="18" l="237" c="0">
<BEGIN l="237" c="26"/>
<END l="239" c="0"/>
</B>
<B id="149" t="ppcrmif" f="18" l="241" c="0">
<BEGIN l="241" c="56"/>
<END l="243" c="0"/>
</B>
<B id="150" t="ppcrmif" f="18" l="245" c="0">
<BEGIN l="245" c="47"/>
<END l="247" c="0"/>
</B>
<B id="151" t="ppcrmif" f="18" l="249" c="0">
<BEGIN l="249" c="18"/>
<END l="251" c="0"/>
</B>
<B id="152" t="ppcrmif" f="18" l="253" c="0">
<BEGIN l="253" c="19"/>
<END l="255" c="0"/>
</B>
<B id="153" t="ppcrmif" f="18" l="257" c="0">
<BEGIN l="257" c="18"/>
<END l="259" c="0"/>
</B>
<B id="154" t="ppcrmif" f="18" l="261" c="0">
<BEGIN l="261" c="46"/>
<END l="263" c="0"/>
</B>
<B id="155" t="ppcrmif" f="18" l="265" c="0">
<BEGIN l="274" c="37"/>
<END l="280" c="0"/>
</B>
<B id="156" t="ppcelse" f="18" l="280" c="0">
<BEGIN l="280" c="5"/>
<END l="282" c="0"/>
</B>
<B id="157" t="ppcrmif" f="18" l="309" c="0">
<BEGIN l="312" c="64"/>
<END l="314" c="0"/>
</B>
<B id="158" t="ppcif" f="18" l="317" c="0">
<BEGIN l="317" c="21"/>
<END l="329" c="0"/>
</B>
<B id="159" t="ppcif" f="18" l="318" c="0">
<BEGIN l="318" c="21"/>
<END l="320" c="0"/>
</B>
<B id="160" t="ppcrmif" f="18" l="324" c="0">
<BEGIN l="324" c="55"/>
<END l="327" c="0"/>
</B>
<B id="161" t="ppcrmif" f="18" l="332" c="0">
<BEGIN l="333" c="59"/>
<END l="335" c="0"/>
</B>
<B id="162" t="ppcif" f="19" l="19" c="0">
<BEGIN l="19" c="20"/>
<END l="296" c="0"/>
</B>
<B id="163" t="ppcrmif" f="19" l="23" c="0">
<BEGIN l="23" c="19"/>
<END l="25" c="0"/>
</B>
<B id="164" t="ppcrmif" f="19" l="30" c="0">
<BEGIN l="30" c="41"/>
<END l="32" c="0"/>
</B>
<B id="165" t="ppcrmif" f="19" l="38" c="0">
<BEGIN l="38" c="15"/>
<END l="60" c="0"/>
</B>
<B id="166" t="ppcelse" f="19" l="60" c="0">
<BEGIN l="60" c="21"/>
<END l="71" c="0"/>
</B>
<B id="167" t="ppcrmif" f="19" l="90" c="0">
<BEGIN l="90" c="18"/>
<END l="93" c="0"/>
</B>
<B id="168" t="ppcelse" f="19" l="93" c="0">
<BEGIN l="93" c="5"/>
<END l="96" c="0"/>
</B>
<B id="169" t="ppcrmif" f="19" l="104" c="0">
<BEGIN l="104" c="58"/>
<END l="111" c="0"/>
</B>
<B id="170" t="ppcelse" f="19" l="111" c="0">
<BEGIN l="111" c="5"/>
<END l="121" c="0"/>
</B>
<B id="171" t="ppcif" f="19" l="125" c="0">
<BEGIN l="125" c="28"/>
<END l="129" c="0"/>
</B>
<B id="172" t="ppcrmif" f="19" l="138" c="0">
<BEGIN l="138" c="24"/>
<END l="146" c="0"/>
</B>
<B id="173" t="ppcelse" f="19" l="146" c="0">
<BEGIN l="146" c="5"/>
<END l="157" c="0"/>
</B>
<B id="174" t="ppcrmif" f="19" l="147" c="0">
<BEGIN l="147" c="16"/>
<END l="149" c="0"/>
</B>
<B id="175" t="ppcelse" f="19" l="149" c="0">
<BEGIN l="149" c="6"/>
<END l="156" c="0"/>
</B>
<B id="176" t="ppcrmif" f="19" l="150" c="0">
<BEGIN l="150" c="61"/>
<END l="152" c="0"/>
</B>
<B id="177" t="ppcelse" f="19" l="152" c="0">
<BEGIN l="152" c="7"/>
<END l="155" c="0"/>
</B>
<B id="178" t="ppcrmif" f="19" l="170" c="0">
<BEGIN l="170" c="37"/>
<END l="189" c="0"/>
</B>
<B id="179" t="ppcif" f="19" l="194" c="0">
<BEGIN l="194" c="37"/>
<END l="196" c="0"/>
</B>
<B id="180" t="ppcrmif" f="19" l="201" c="0">
<BEGIN l="201" c="24"/>
<END l="203" c="0"/>
</B>
<B id="181" t="ppcelse" f="19" l="203" c="0">
<BEGIN l="203" c="5"/>
<END l="205" c="0"/>
</B>
<B id="182" t="ppcrmif" f="19" l="210" c="0">
<BEGIN l="210" c="24"/>
<END l="212" c="0"/>
</B>
<B id="183" t="ppcelse" f="19" l="212" c="0">
<BEGIN l="212" c="5"/>
<END l="214" c="0"/>
</B>
<B id="184" t="ppcrmif" f="19" l="219" c="0">
<BEGIN l="219" c="23"/>
<END l="222" c="0"/>
</B>
<B id="185" t="ppcelse" f="19" l="222" c="0">
<BEGIN l="222" c="5"/>
<END l="225" c="0"/>
</B>
<B id="186" t="ppcrmif" f="19" l="228" c="0">
<BEGIN l="228" c="23"/>
<END l="230" c="0"/>
</B>
<B id="187" t="ppcelse" f="19" l="230" c="0">
<BEGIN l="230" c="5"/>
<END l="232" c="0"/>
</B>
<B id="188" t="ppcrmif" f="19" l="240" c="0">
<BEGIN l="240" c="23"/>
<END l="242" c="0"/>
</B>
<B id="189" t="ppcelse" f="19" l="242" c="0">
<BEGIN l="242" c="5"/>
<END l="244" c="0"/>
</B>
<B id="190" t="ppcrmif" f="19" l="250" c="0">
<BEGIN l="250" c="24"/>
<END l="253" c="0"/>
</B>
<B id="191" t="ppcelse" f="19" l="253" c="0">
<BEGIN l="253" c="5"/>
<END l="255" c="0"/>
</B>
<B id="192" t="ppcrmif" f="19" l="259" c="0">
<BEGIN l="259" c="23"/>
<END l="261" c="0"/>
</B>
<B id="193" t="ppcelse" f="19" l="261" c="0">
<BEGIN l="261" c="5"/>
<END l="263" c="0"/>
</B>
<B id="194" t="ppcif" f="19" l="269" c="0">
<BEGIN l="269" c="24"/>
<END l="271" c="0"/>
</B>
<B id="195" t="ppcif" f="19" l="274" c="0">
<BEGIN l="274" c="25"/>
<END l="276" c="0"/>
</B>
<B id="196" t="ppcrmif" f="19" l="281" c="0">
<BEGIN l="281" c="44"/>
<END l="283" c="0"/>
</B>
<B id="197" t="ppcelse" f="19" l="283" c="0">
<BEGIN l="283" c="5"/>
<END l="294" c="0"/>
</B>
<B id="198" t="ppcrmif" f="19" l="284" c="0">
<BEGIN l="284" c="16"/>
<END l="286" c="0"/>
</B>
<B id="199" t="ppcelse" f="19" l="286" c="0">
<BEGIN l="286" c="6"/>
<END l="293" c="0"/>
</B>
<B id="200" t="ppcrmif" f="19" l="287" c="0">
<BEGIN l="287" c="61"/>
<END l="289" c="0"/>
</B>
<B id="201" t="ppcelse" f="19" l="289" c="0">
<BEGIN l="289" c="7"/>
<END l="292" c="0"/>
</B>
<B id="202" t="ppcrmif" f="20" l="6" c="0">
<BEGIN l="6" c="12"/>
<END l="8" c="0"/>
</B>
<B id="203" t="type" f="6" l="43" c="14">
<BEGIN l="43" c="14"/>
<END l="43" c="50"/>
</B>
<B id="204" t="initializer" f="6" l="52" c="20">
<BEGIN l="52" c="31"/>
<END l="52" c="68"/>
</B>
<B id="205" t="ppcrmif" f="6" l="22" c="0">
<BEGIN l="22" c="15"/>
<END l="24" c="0"/>
</B>
<B id="206" t="ppcrmif" f="6" l="28" c="0">
<BEGIN l="28" c="22"/>
<END l="30" c="0"/>
</B>
<B id="207" t="ppcrmelif" f="6" l="30" c="0">
<BEGIN l="30" c="5"/>
<END l="32" c="0"/>
</B>
<B id="208" t="ppcrmelif" f="6" l="32" c="0">
<BEGIN l="32" c="5"/>
<END l="39" c="0"/>
</B>
<B id="209" t="ppcrmelse" f="6" l="39" c="0">
<BEGIN l="39" c="19"/>
<END l="55" c="0"/>
</B>
<B id="210" t="ppcrmif" f="6" l="45" c="0">
<BEGIN l="45" c="33"/>
<END l="47" c="0"/>
</B>
<B id="211" t="ppcif" f="6" l="48" c="0">
<BEGIN l="48" c="36"/>
<END l="50" c="0"/>
</B>
<B id="212" t="ppcif" f="21" l="19" c="0">
<BEGIN l="19" c="17"/>
<END l="58" c="0"/>
</B>
<B id="213" t="ppcif" f="21" l="41" c="0">
<BEGIN l="41" c="26"/>
<END l="43" c="0"/>
</B>
<B id="214" t="ppcrmif" f="21" l="45" c="0">
<BEGIN l="45" c="16"/>
<END l="50" c="0"/>
</B>
<B id="215" t="ppcif" f="21" l="52" c="0">
<BEGIN l="52" c="35"/>
<END l="54" c="0"/>
</B>
<B id="216" t="ppcrmelif" f="21" l="54" c="0">
<BEGIN l="54" c="5"/>
<END l="56" c="0"/>
</B>
<B id="217" t="ppcrmif" f="22" l="3" c="0">
<BEGIN l="3" c="17"/>
<END l="5" c="0"/>
</B>
<B id="218" t="ppcrmif" f="23" l="19" c="0">
<BEGIN l="19" c="43"/>
<END l="21" c="0"/>
</B>
<B id="219" t="ppcrmif" f="23" l="23" c="0">
<BEGIN l="23" c="71"/>
<END l="48" c="0"/>
</B>
<B id="220" t="ppcrmif" f="24" l="46" c="0">
<BEGIN l="46" c="15"/>
<END l="48" c="0"/>
</B>
<B id="221" t="ppcrmif" f="24" l="80" c="0">
<BEGIN l="80" c="16"/>
<END l="84" c="0"/>
</B>
<B id="222" t="ppcrmif" f="24" l="86" c="0">
<BEGIN l="86" c="78"/>
<END l="95" c="0"/>
</B>
<B id="223" t="ppcrmif" f="24" l="119" c="0">
<BEGIN l="119" c="16"/>
<END l="124" c="0"/>
</B>
<B id="224" t="ppcrmif" f="24" l="126" c="0">
<BEGIN l="126" c="78"/>
<END l="137" c="0"/>
</B>
<B id="225" t="ppcrmif" f="24" l="139" c="0">
<BEGIN l="139" c="19"/>
<END l="147" c="0"/>
</B>
<B id="226" t="ppcrmif" f="24" l="160" c="0">
<BEGIN l="160" c="69"/>
<END l="165" c="0"/>
</B>
<B id="227" t="ppcrmif" f="24" l="167" c="0">
<BEGIN l="167" c="78"/>
<END l="172" c="0"/>
</B>
<B id="228" t="ppcrmif" f="24" l="199" c="0">
<BEGIN l="199" c="17"/>
<END l="213" c="0"/>
</B>
<B id="229" t="ppcrmif" f="24" l="215" c="0">
<BEGIN l="215" c="46"/>
<END l="220" c="0"/>
</B>
<B id="230" t="ppcrmif" f="24" l="222" c="0">
<BEGIN l="222" c="19"/>
<END l="227" c="0"/>
</B>
<B id="231" t="ppcrmif" f="24" l="233" c="0">
<BEGIN l="233" c="45"/>
<END l="244" c="0"/>
</B>
<B id="232" t="ppcrmif" f="24" l="247" c="0">
<BEGIN l="247" c="69"/>
<END l="254" c="0"/>
</B>
<B id="233" t="ppcrmif" f="24" l="256" c="0">
<BEGIN l="256" c="19"/>
<END l="261" c="0"/>
</B>
<B id="234" t="ppcrmif" f="24" l="263" c="0">
<BEGIN l="263" c="45"/>
<END l="266" c="0"/>
</B>
<B id="235" t="ppcrmif" f="24" l="268" c="0">
<BEGIN l="268" c="17"/>
<END l="273" c="0"/>
</B>
<B id="236" t="ppcrmif" f="24" l="276" c="0">
<BEGIN l="276" c="78"/>
<END l="298" c="0"/>
</B>
<B id="237" t="ppcrmif" f="24" l="300" c="0">
<BEGIN l="300" c="19"/>
<END l="356" c="0"/>
</B>
<B id="238" t="ppcrmif" f="24" l="358" c="0">
<BEGIN l="358" c="78"/>
<END l="360" c="0"/>
</B>
<B id="239" t="ppcrmif" f="24" l="362" c="0">
<BEGIN l="362" c="54"/>
<END l="365" c="0"/>
</B>
<B id="240" t="ppcif" f="25" l="3" c="0">
<BEGIN l="3" c="19"/>
<END l="68" c="0"/>
</B>
</Blocks>
</Navig>
