Sw_ReqId, Source,Version, Function,Verification Method,Verfication File Name,Verification File Version,PIL Test case #,PIL Test Vector #,PIL  Test Status,PIL Comments
.SwReqId,NA,NA,NA,NA, .PILSpecName, .PILSpecVer, .PILTestCase, .PILTestVector, .PILTestStatus, .PILComments
"CF039A_422 CF039A_26 CF039A_113 CF039A_28 CF039A_433 CF039A_482 CF039A_478 CF039A_318 CF039A_413 CF039A_414 CF039A_319 CF039A_395 CF039A_417 
CF039A_418 CF039A_346 CF039A_351 CF039A_401 CF039A_421 CF039A_505CF039A_385 CF039A_476 CF039A_447  CF039A_320 CF039A_392 CF039A_415 CF039A_416 
CF039A_504 CF039A_385 CF039A_483 CF039A_484  CF039A_391 CF039A_388 CF039A_398 CF039A_353 CF039A_356 CF039A_379 CF039A_458 CF039A_480 CF039A_459 CF039A_347 CF039A_393 CF039A_349 CF039A_350 CF039A_399
 CF039A_321 CF039A_397 CF039A_394 CF039A_445 CF039A_485 CF039A_440 CF039A_332 CF039A_437 CF039A_430 CF039A_490
 CF039A_493 CF039A_438 CF039A_494 CF039A_495 CF039A_461 CF039A_462 CF039A_464 CF039A_466 CF039A_467 CF039A_469  CF039A_448  CF039A_449 CF039A_343 CF039A_496
 CF039A_451 CF039A_497 CF039A_454 CF039A_498 CF039A_453 CF039A_499 CF039A_366 CF039A_472 CF039A_359 CF039A_360 CF039A_363 CF039A_473 CF039A_362 CF039A_474 CF039A_486 CF039A_487
 CF039A_503 CF039A_507 CF039A_488 CF039A_489 CF039A_452 CF039A_500 CF039A_479 CF039A_501 CF039A_380 CF039A_460   CF039A_463 CF039A_481 
 CF039A_465 CF039A_468 CF039A_358 CF039A_420 CF039A_280 CF039A_456 CF039A_502 CF039A_506 CF039A_373 CF039A_457    CF039A_375 CF039A_377 CF039A_475   CF039A_42",Ap_PsaAgArbn.c,6,main,SIL,Ap_PsaAgArbn_PIL.pdbx,1,TC_CF039A_TEST CASE_1,TV_R_First Test_1 - TV_R_First Test_16,PASS,16 out of 16 Passed
"CF039A_422 CF039A_26 CF039A_113 CF039A_28 CF039A_433 CF039A_482 CF039A_478 CF039A_318 CF039A_413 CF039A_414 CF039A_319 CF039A_395 CF039A_417 
CF039A_418 CF039A_346 CF039A_351 CF039A_401 CF039A_421 CF039A_505CF039A_385 CF039A_476 CF039A_447  CF039A_320 CF039A_392 CF039A_415 CF039A_416 
CF039A_504 CF039A_385 CF039A_483 CF039A_484  CF039A_391 CF039A_388 CF039A_398 CF039A_353 CF039A_356 CF039A_379 CF039A_458 CF039A_480 CF039A_459 CF039A_347 CF039A_393 CF039A_349 CF039A_350 CF039A_399
 CF039A_321 CF039A_397 CF039A_394 CF039A_445 CF039A_485 CF039A_440 CF039A_332 CF039A_437 CF039A_430 CF039A_490
 CF039A_493 CF039A_438 CF039A_494 CF039A_495 CF039A_461 CF039A_462 CF039A_464 CF039A_466 CF039A_467 CF039A_469  CF039A_448  CF039A_449 CF039A_343 CF039A_496
 CF039A_451 CF039A_497 CF039A_454 CF039A_498 CF039A_453 CF039A_499 CF039A_366 CF039A_472 CF039A_359 CF039A_360 CF039A_363 CF039A_473 CF039A_362 CF039A_474 CF039A_486 CF039A_487
 CF039A_503 CF039A_507 CF039A_488 CF039A_489 CF039A_452 CF039A_500 CF039A_479 CF039A_501 CF039A_380 CF039A_460   CF039A_463 CF039A_481 
 CF039A_465 CF039A_468 CF039A_358 CF039A_420 CF039A_280 CF039A_456 CF039A_502 CF039A_506 CF039A_373 CF039A_457    CF039A_375 CF039A_377 CF039A_475   CF039A_42",Ap_PsaAgArbn.c,6,main,SIL,Ap_PsaAgArbn_PIL.pdbx,1,TC_CF039A_TEST CASE_2,TV_R_Second Test_1 - TV_R_Second Test_16,PASS,16 out of 16 Passed
"CF039A_422 CF039A_26 CF039A_113 CF039A_28 CF039A_433 CF039A_482 CF039A_478 CF039A_318 CF039A_413 CF039A_414 CF039A_319 CF039A_395 CF039A_417 
CF039A_418 CF039A_346 CF039A_351 CF039A_401 CF039A_421 CF039A_505CF039A_385 CF039A_476 CF039A_447  CF039A_320 CF039A_392 CF039A_415 CF039A_416 
CF039A_504 CF039A_385 CF039A_483 CF039A_484  CF039A_391 CF039A_388 CF039A_398 CF039A_353 CF039A_356 CF039A_379 CF039A_458 CF039A_480 CF039A_459 CF039A_347 CF039A_393 CF039A_349 CF039A_350 CF039A_399
 CF039A_321 CF039A_397 CF039A_394 CF039A_445 CF039A_485 CF039A_440 CF039A_332 CF039A_437 CF039A_430 CF039A_490
 CF039A_493 CF039A_438 CF039A_494 CF039A_495 CF039A_461 CF039A_462 CF039A_464 CF039A_466 CF039A_467 CF039A_469  CF039A_448  CF039A_449 CF039A_343 CF039A_496
 CF039A_451 CF039A_497 CF039A_454 CF039A_498 CF039A_453 CF039A_499 CF039A_366 CF039A_472 CF039A_359 CF039A_360 CF039A_363 CF039A_473 CF039A_362 CF039A_474 CF039A_486 CF039A_487
 CF039A_503 CF039A_507 CF039A_488 CF039A_489 CF039A_452 CF039A_500 CF039A_479 CF039A_501 CF039A_380 CF039A_460   CF039A_463 CF039A_481 
 CF039A_465 CF039A_468 CF039A_358 CF039A_420 CF039A_280 CF039A_456 CF039A_502 CF039A_506 CF039A_373 CF039A_457    CF039A_375 CF039A_377 CF039A_475   CF039A_42",Ap_PsaAgArbn.c,6,main,SIL,Ap_PsaAgArbn_PIL.pdbx,1,TC_CF039A_TEST CASE_3,TV_R_Third Test_1 - TV_R_Third Test_16,PASS,16 out of 16 Passed
"CF039A_422 CF039A_26 CF039A_113 CF039A_28 CF039A_433 CF039A_482 CF039A_478 CF039A_318 CF039A_413 CF039A_414 CF039A_319 CF039A_395 CF039A_417 
CF039A_418 CF039A_346 CF039A_351 CF039A_401 CF039A_421 CF039A_505CF039A_385 CF039A_476 CF039A_447  CF039A_320 CF039A_392 CF039A_415 CF039A_416 
CF039A_504 CF039A_385 CF039A_483 CF039A_484  CF039A_391 CF039A_388 CF039A_398 CF039A_353 CF039A_356 CF039A_379 CF039A_458 CF039A_480 CF039A_459 CF039A_347 CF039A_393 CF039A_349 CF039A_350 CF039A_399
 CF039A_321 CF039A_397 CF039A_394 CF039A_445 CF039A_485 CF039A_440 CF039A_332 CF039A_437 CF039A_430 CF039A_490
 CF039A_493 CF039A_438 CF039A_494 CF039A_495 CF039A_461 CF039A_462 CF039A_464 CF039A_466 CF039A_467 CF039A_469  CF039A_448  CF039A_449 CF039A_343 CF039A_496
 CF039A_451 CF039A_497 CF039A_454 CF039A_498 CF039A_453 CF039A_499 CF039A_366 CF039A_472 CF039A_359 CF039A_360 CF039A_363 CF039A_473 CF039A_362 CF039A_474 CF039A_486 CF039A_487
 CF039A_503 CF039A_507 CF039A_488 CF039A_489 CF039A_452 CF039A_500 CF039A_479 CF039A_501 CF039A_380 CF039A_460   CF039A_463 CF039A_481 
 CF039A_465 CF039A_468 CF039A_358 CF039A_420 CF039A_280 CF039A_456 CF039A_502 CF039A_506 CF039A_373 CF039A_457    CF039A_375 CF039A_377 CF039A_475   CF039A_42",Ap_PsaAgArbn.c,6,main,SIL,Ap_PsaAgArbn_PIL.pdbx,1,TC_CF039A_TEST CASE_4,TV_R_Fourth Test_1 - TV_R_Fourth Test_16,PASS,16 out of 16 Passed
"CF039A_422 CF039A_26 CF039A_113 CF039A_28 CF039A_433 CF039A_482 CF039A_478 CF039A_318 CF039A_413 CF039A_414 CF039A_319 CF039A_395 CF039A_417 
CF039A_418 CF039A_346 CF039A_351 CF039A_401 CF039A_421 CF039A_505CF039A_385 CF039A_476 CF039A_447  CF039A_320 CF039A_392 CF039A_415 CF039A_416 
CF039A_504 CF039A_385 CF039A_483 CF039A_484  CF039A_391 CF039A_388 CF039A_398 CF039A_353 CF039A_356 CF039A_379 CF039A_458 CF039A_480 CF039A_459 CF039A_347 CF039A_393 CF039A_349 CF039A_350 CF039A_399
 CF039A_321 CF039A_397 CF039A_394 CF039A_445 CF039A_485 CF039A_440 CF039A_332 CF039A_437 CF039A_430 CF039A_490
 CF039A_493 CF039A_438 CF039A_494 CF039A_495 CF039A_461 CF039A_462 CF039A_464 CF039A_466 CF039A_467 CF039A_469  CF039A_448  CF039A_449 CF039A_343 CF039A_496
 CF039A_451 CF039A_497 CF039A_454 CF039A_498 CF039A_453 CF039A_499 CF039A_366 CF039A_472 CF039A_359 CF039A_360 CF039A_363 CF039A_473 CF039A_362 CF039A_474 CF039A_486 CF039A_487
 CF039A_503 CF039A_507 CF039A_488 CF039A_489 CF039A_452 CF039A_500 CF039A_479 CF039A_501 CF039A_380 CF039A_460   CF039A_463 CF039A_481 
 CF039A_465 CF039A_468 CF039A_358 CF039A_420 CF039A_280 CF039A_456 CF039A_502 CF039A_506 CF039A_373 CF039A_457    CF039A_375 CF039A_377 CF039A_475   CF039A_42",Ap_PsaAgArbn.c,6,main,SIL,Ap_PsaAgArbn_PIL.pdbx,1,TC_CF039A_TEST CASE_5,TV_R_Fifth Test_1 - TV_R_Fifth Test_16,PASS,16 out of 16 Passed
"CF039A_422 CF039A_26 CF039A_113 CF039A_28 CF039A_433 CF039A_482 CF039A_478 CF039A_318 CF039A_413 CF039A_414 CF039A_319 CF039A_395 CF039A_417 
CF039A_418 CF039A_346 CF039A_351 CF039A_401 CF039A_421 CF039A_505CF039A_385 CF039A_476 CF039A_447  CF039A_320 CF039A_392 CF039A_415 CF039A_416 
CF039A_504 CF039A_385 CF039A_483 CF039A_484  CF039A_391 CF039A_388 CF039A_398 CF039A_353 CF039A_356 CF039A_379 CF039A_458 CF039A_480 CF039A_459 CF039A_347 CF039A_393 CF039A_349 CF039A_350 CF039A_399
 CF039A_321 CF039A_397 CF039A_394 CF039A_445 CF039A_485 CF039A_440 CF039A_332 CF039A_437 CF039A_430 CF039A_490
 CF039A_493 CF039A_438 CF039A_494 CF039A_495 CF039A_461 CF039A_462 CF039A_464 CF039A_466 CF039A_467 CF039A_469  CF039A_448  CF039A_449 CF039A_343 CF039A_496
 CF039A_451 CF039A_497 CF039A_454 CF039A_498 CF039A_453 CF039A_499 CF039A_366 CF039A_472 CF039A_359 CF039A_360 CF039A_363 CF039A_473 CF039A_362 CF039A_474 CF039A_486 CF039A_487
 CF039A_503 CF039A_507 CF039A_488 CF039A_489 CF039A_452 CF039A_500 CF039A_479 CF039A_501 CF039A_380 CF039A_460   CF039A_463 CF039A_481 
 CF039A_465 CF039A_468 CF039A_358 CF039A_420 CF039A_280 CF039A_456 CF039A_502 CF039A_506 CF039A_373 CF039A_457    CF039A_375 CF039A_377 CF039A_475   CF039A_42",Ap_PsaAgArbn.c,6,main,SIL,Ap_PsaAgArbn_PIL.pdbx,1,TC_CF039A_TEST CASE_6,TV_R_Sixth Test_1 - TV_R_Sixth Test_16,PASS,16 out of 16 Passed
"CF039A_422 CF039A_26 CF039A_113 CF039A_28 CF039A_433 CF039A_482 CF039A_478 CF039A_318 CF039A_413 CF039A_414 CF039A_319 CF039A_395 CF039A_417 
CF039A_418 CF039A_346 CF039A_351 CF039A_401 CF039A_421 CF039A_505CF039A_385 CF039A_476 CF039A_447  CF039A_320 CF039A_392 CF039A_415 CF039A_416 
CF039A_504 CF039A_385 CF039A_483 CF039A_484  CF039A_391 CF039A_388 CF039A_398 CF039A_353 CF039A_356 CF039A_379 CF039A_458 CF039A_480 CF039A_459 CF039A_347 CF039A_393 CF039A_349 CF039A_350 CF039A_399
 CF039A_321 CF039A_397 CF039A_394 CF039A_445 CF039A_485 CF039A_440 CF039A_332 CF039A_437 CF039A_430 CF039A_490
 CF039A_493 CF039A_438 CF039A_494 CF039A_495 CF039A_461 CF039A_462 CF039A_464 CF039A_466 CF039A_467 CF039A_469  CF039A_448  CF039A_449 CF039A_343 CF039A_496
 CF039A_451 CF039A_497 CF039A_454 CF039A_498 CF039A_453 CF039A_499 CF039A_366 CF039A_472 CF039A_359 CF039A_360 CF039A_363 CF039A_473 CF039A_362 CF039A_474 CF039A_486 CF039A_487
 CF039A_503 CF039A_507 CF039A_488 CF039A_489 CF039A_452 CF039A_500 CF039A_479 CF039A_501 CF039A_380 CF039A_460   CF039A_463 CF039A_481 
 CF039A_465 CF039A_468 CF039A_358 CF039A_420 CF039A_280 CF039A_456 CF039A_502 CF039A_506 CF039A_373 CF039A_457    CF039A_375 CF039A_377 CF039A_475   CF039A_42",Ap_PsaAgArbn.c,6,main,SIL,Ap_PsaAgArbn_PIL.pdbx,1,TC_CF039A_TEST CASE_7,TV_R Seventh Test_1 - TV_R Seventh Test_16,PASS,16 out of 16 Passed
"CF039A_422 CF039A_26 CF039A_113 CF039A_28 CF039A_433 CF039A_482 CF039A_478 CF039A_318 CF039A_413 CF039A_414 CF039A_319 CF039A_395 CF039A_417 
CF039A_418 CF039A_346 CF039A_351 CF039A_401 CF039A_421 CF039A_505CF039A_385 CF039A_476 CF039A_447  CF039A_320 CF039A_392 CF039A_415 CF039A_416 
CF039A_504 CF039A_385 CF039A_483 CF039A_484  CF039A_391 CF039A_388 CF039A_398 CF039A_353 CF039A_356 CF039A_379 CF039A_458 CF039A_480 CF039A_459 CF039A_347 CF039A_393 CF039A_349 CF039A_350 CF039A_399
 CF039A_321 CF039A_397 CF039A_394 CF039A_445 CF039A_485 CF039A_440 CF039A_332 CF039A_437 CF039A_430 CF039A_490
 CF039A_493 CF039A_438 CF039A_494 CF039A_495 CF039A_461 CF039A_462 CF039A_464 CF039A_466 CF039A_467 CF039A_469  CF039A_448  CF039A_449 CF039A_343 CF039A_496
 CF039A_451 CF039A_497 CF039A_454 CF039A_498 CF039A_453 CF039A_499 CF039A_366 CF039A_472 CF039A_359 CF039A_360 CF039A_363 CF039A_473 CF039A_362 CF039A_474 CF039A_486 CF039A_487
 CF039A_503 CF039A_507 CF039A_488 CF039A_489 CF039A_452 CF039A_500 CF039A_479 CF039A_501 CF039A_380 CF039A_460   CF039A_463 CF039A_481 
 CF039A_465 CF039A_468 CF039A_358 CF039A_420 CF039A_280 CF039A_456 CF039A_502 CF039A_506 CF039A_373 CF039A_457    CF039A_375 CF039A_377 CF039A_475   CF039A_42",Ap_PsaAgArbn.c,6,main,SIL,Ap_PsaAgArbn_PIL.pdbx,1,TC_CF039A_TEST CASE_8,TV_R Eighth Test_1 - TV_R Eighth Test_251,PASS,251 out of 251 Passed
"CF039A_422 CF039A_26 CF039A_113 CF039A_28 CF039A_433 CF039A_482 CF039A_478 CF039A_318 CF039A_413 CF039A_414 CF039A_319 CF039A_395 CF039A_417 
CF039A_418 CF039A_346 CF039A_351 CF039A_401 CF039A_421 CF039A_505CF039A_385 CF039A_476 CF039A_447  CF039A_320 CF039A_392 CF039A_415 CF039A_416 
CF039A_504 CF039A_385 CF039A_483 CF039A_484  CF039A_391 CF039A_388 CF039A_398 CF039A_353 CF039A_356 CF039A_379 CF039A_458 CF039A_480 CF039A_459 CF039A_347 CF039A_393 CF039A_349 CF039A_350 CF039A_399
 CF039A_321 CF039A_397 CF039A_394 CF039A_445 CF039A_485 CF039A_440 CF039A_332 CF039A_437 CF039A_430 CF039A_490
 CF039A_493 CF039A_438 CF039A_494 CF039A_495 CF039A_461 CF039A_462 CF039A_464 CF039A_466 CF039A_467 CF039A_469  CF039A_448  CF039A_449 CF039A_343 CF039A_496
 CF039A_451 CF039A_497 CF039A_454 CF039A_498 CF039A_453 CF039A_499 CF039A_366 CF039A_472 CF039A_359 CF039A_360 CF039A_363 CF039A_473 CF039A_362 CF039A_474 CF039A_486 CF039A_487
 CF039A_503 CF039A_507 CF039A_488 CF039A_489 CF039A_452 CF039A_500 CF039A_479 CF039A_501 CF039A_380 CF039A_460   CF039A_463 CF039A_481 
 CF039A_465 CF039A_468 CF039A_358 CF039A_420 CF039A_280 CF039A_456 CF039A_502 CF039A_506 CF039A_373 CF039A_457    CF039A_375 CF039A_377 CF039A_475   CF039A_42",Ap_PsaAgArbn.c,6,main,SIL,Ap_PsaAgArbn_PIL.pdbx,1,TC_CF039A_TEST CASE_9,TV_R Nineth Test_1 - TV_R Nineth Test_51,PASS,51 out of 51 Passed
"CF039A_422 CF039A_26 CF039A_113 CF039A_28 CF039A_433 CF039A_482 CF039A_478 CF039A_318 CF039A_413 CF039A_414 CF039A_319 CF039A_395 CF039A_417 
CF039A_418 CF039A_346 CF039A_351 CF039A_401 CF039A_421 CF039A_505CF039A_385 CF039A_476 CF039A_447  CF039A_320 CF039A_392 CF039A_415 CF039A_416 
CF039A_504 CF039A_385 CF039A_483 CF039A_484  CF039A_391 CF039A_388 CF039A_398 CF039A_353 CF039A_356 CF039A_379 CF039A_458 CF039A_480 CF039A_459 CF039A_347 CF039A_393 CF039A_349 CF039A_350 CF039A_399
 CF039A_321 CF039A_397 CF039A_394 CF039A_445 CF039A_485 CF039A_440 CF039A_332 CF039A_437 CF039A_430 CF039A_490
 CF039A_493 CF039A_438 CF039A_494 CF039A_495 CF039A_461 CF039A_462 CF039A_464 CF039A_466 CF039A_467 CF039A_469  CF039A_448  CF039A_449 CF039A_343 CF039A_496
 CF039A_451 CF039A_497 CF039A_454 CF039A_498 CF039A_453 CF039A_499 CF039A_366 CF039A_472 CF039A_359 CF039A_360 CF039A_363 CF039A_473 CF039A_362 CF039A_474 CF039A_486 CF039A_487
 CF039A_503 CF039A_507 CF039A_488 CF039A_489 CF039A_452 CF039A_500 CF039A_479 CF039A_501 CF039A_380 CF039A_460   CF039A_463 CF039A_481 
 CF039A_465 CF039A_468 CF039A_358 CF039A_420 CF039A_280 CF039A_456 CF039A_502 CF039A_506 CF039A_373 CF039A_457    CF039A_375 CF039A_377 CF039A_475   CF039A_42",Ap_PsaAgArbn.c,6,main,SIL,Ap_PsaAgArbn_PIL.pdbx,1,TC_CF039A_TEST CASE_10,TV_R Tenth Test_1 - TV_R Tenth Test_26,PASS,26 out of 26 Passed
"CF039A_422 CF039A_26 CF039A_113 CF039A_28 CF039A_433 CF039A_482 CF039A_478 CF039A_318 CF039A_413 CF039A_414 CF039A_319 CF039A_395 CF039A_417 
CF039A_418 CF039A_346 CF039A_351 CF039A_401 CF039A_421 CF039A_505CF039A_385 CF039A_476 CF039A_447  CF039A_320 CF039A_392 CF039A_415 CF039A_416 
CF039A_504 CF039A_385 CF039A_483 CF039A_484  CF039A_391 CF039A_388 CF039A_398 CF039A_353 CF039A_356 CF039A_379 CF039A_458 CF039A_480 CF039A_459 CF039A_347 CF039A_393 CF039A_349 CF039A_350 CF039A_399
 CF039A_321 CF039A_397 CF039A_394 CF039A_445 CF039A_485 CF039A_440 CF039A_332 CF039A_437 CF039A_430 CF039A_490
 CF039A_493 CF039A_438 CF039A_494 CF039A_495 CF039A_461 CF039A_462 CF039A_464 CF039A_466 CF039A_467 CF039A_469  CF039A_448  CF039A_449 CF039A_343 CF039A_496
 CF039A_451 CF039A_497 CF039A_454 CF039A_498 CF039A_453 CF039A_499 CF039A_366 CF039A_472 CF039A_359 CF039A_360 CF039A_363 CF039A_473 CF039A_362 CF039A_474 CF039A_486 CF039A_487
 CF039A_503 CF039A_507 CF039A_488 CF039A_489 CF039A_452 CF039A_500 CF039A_479 CF039A_501 CF039A_380 CF039A_460   CF039A_463 CF039A_481 
 CF039A_465 CF039A_468 CF039A_358 CF039A_420 CF039A_280 CF039A_456 CF039A_502 CF039A_506 CF039A_373 CF039A_457    CF039A_375 CF039A_377 CF039A_475   CF039A_42",Ap_PsaAgArbn.c,6,main,SIL,Ap_PsaAgArbn_PIL.pdbx,1,TC_CF039A_TEST CASE_11,TV_R Eleventh Test_1 - TV_R Eleventh Test_26,PASS,26 out of 26 Passed
"CF039A_422 CF039A_26 CF039A_113 CF039A_28 CF039A_433 CF039A_482 CF039A_478 CF039A_318 CF039A_413 CF039A_414 CF039A_319 CF039A_395 CF039A_417 
CF039A_418 CF039A_346 CF039A_351 CF039A_401 CF039A_421 CF039A_505CF039A_385 CF039A_476 CF039A_447  CF039A_320 CF039A_392 CF039A_415 CF039A_416 
CF039A_504 CF039A_385 CF039A_483 CF039A_484  CF039A_391 CF039A_388 CF039A_398 CF039A_353 CF039A_356 CF039A_379 CF039A_458 CF039A_480 CF039A_459 CF039A_347 CF039A_393 CF039A_349 CF039A_350 CF039A_399
 CF039A_321 CF039A_397 CF039A_394 CF039A_445 CF039A_485 CF039A_440 CF039A_332 CF039A_437 CF039A_430 CF039A_490
 CF039A_493 CF039A_438 CF039A_494 CF039A_495 CF039A_461 CF039A_462 CF039A_464 CF039A_466 CF039A_467 CF039A_469  CF039A_448  CF039A_449 CF039A_343 CF039A_496
 CF039A_451 CF039A_497 CF039A_454 CF039A_498 CF039A_453 CF039A_499 CF039A_366 CF039A_472 CF039A_359 CF039A_360 CF039A_363 CF039A_473 CF039A_362 CF039A_474 CF039A_486 CF039A_487
 CF039A_503 CF039A_507 CF039A_488 CF039A_489 CF039A_452 CF039A_500 CF039A_479 CF039A_501 CF039A_380 CF039A_460   CF039A_463 CF039A_481 
 CF039A_465 CF039A_468 CF039A_358 CF039A_420 CF039A_280 CF039A_456 CF039A_502 CF039A_506 CF039A_373 CF039A_457    CF039A_375 CF039A_377 CF039A_475   CF039A_42",Ap_PsaAgArbn.c,6,main,SIL,Ap_PsaAgArbn_PIL.pdbx,1,TC_CF039A_TEST CASE_12,TV_R Twelfth Test_1 - TV_R Twelfth Test_26,PASS,26 out of 26 Passed
"CF039A_422 CF039A_26 CF039A_113 CF039A_28 CF039A_433 CF039A_482 CF039A_478 CF039A_318 CF039A_413 CF039A_414 CF039A_319 CF039A_395 CF039A_417 
CF039A_418 CF039A_346 CF039A_351 CF039A_401 CF039A_421 CF039A_505CF039A_385 CF039A_476 CF039A_447  CF039A_320 CF039A_392 CF039A_415 CF039A_416 
CF039A_504 CF039A_385 CF039A_483 CF039A_484  CF039A_391 CF039A_388 CF039A_398 CF039A_353 CF039A_356 CF039A_379 CF039A_458 CF039A_480 CF039A_459 CF039A_347 CF039A_393 CF039A_349 CF039A_350 CF039A_399
 CF039A_321 CF039A_397 CF039A_394 CF039A_445 CF039A_485 CF039A_440 CF039A_332 CF039A_437 CF039A_430 CF039A_490
 CF039A_493 CF039A_438 CF039A_494 CF039A_495 CF039A_461 CF039A_462 CF039A_464 CF039A_466 CF039A_467 CF039A_469  CF039A_448  CF039A_449 CF039A_343 CF039A_496
 CF039A_451 CF039A_497 CF039A_454 CF039A_498 CF039A_453 CF039A_499 CF039A_366 CF039A_472 CF039A_359 CF039A_360 CF039A_363 CF039A_473 CF039A_362 CF039A_474 CF039A_486 CF039A_487
 CF039A_503 CF039A_507 CF039A_488 CF039A_489 CF039A_452 CF039A_500 CF039A_479 CF039A_501 CF039A_380 CF039A_460   CF039A_463 CF039A_481 
 CF039A_465 CF039A_468 CF039A_358 CF039A_420 CF039A_280 CF039A_456 CF039A_502 CF039A_506 CF039A_373 CF039A_457    CF039A_375 CF039A_377 CF039A_475   CF039A_42",Ap_PsaAgArbn.c,6,main,SIL,Ap_PsaAgArbn_PIL.pdbx,1,TC_CF039A_TEST CASE_13,TV_R Thirteenth Test_1 - TV_R Thirteenth Test_26,PASS,26 out of 26 Passed
"CF039A_422 CF039A_26 CF039A_113 CF039A_28 CF039A_433 CF039A_482 CF039A_478 CF039A_318 CF039A_413 CF039A_414 CF039A_319 CF039A_395 CF039A_417 
CF039A_418 CF039A_346 CF039A_351 CF039A_401 CF039A_421 CF039A_505CF039A_385 CF039A_476 CF039A_447  CF039A_320 CF039A_392 CF039A_415 CF039A_416 
CF039A_504 CF039A_385 CF039A_483 CF039A_484  CF039A_391 CF039A_388 CF039A_398 CF039A_353 CF039A_356 CF039A_379 CF039A_458 CF039A_480 CF039A_459 CF039A_347 CF039A_393 CF039A_349 CF039A_350 CF039A_399
 CF039A_321 CF039A_397 CF039A_394 CF039A_445 CF039A_485 CF039A_440 CF039A_332 CF039A_437 CF039A_430 CF039A_490
 CF039A_493 CF039A_438 CF039A_494 CF039A_495 CF039A_461 CF039A_462 CF039A_464 CF039A_466 CF039A_467 CF039A_469  CF039A_448  CF039A_449 CF039A_343 CF039A_496
 CF039A_451 CF039A_497 CF039A_454 CF039A_498 CF039A_453 CF039A_499 CF039A_366 CF039A_472 CF039A_359 CF039A_360 CF039A_363 CF039A_473 CF039A_362 CF039A_474 CF039A_486 CF039A_487
 CF039A_503 CF039A_507 CF039A_488 CF039A_489 CF039A_452 CF039A_500 CF039A_479 CF039A_501 CF039A_380 CF039A_460   CF039A_463 CF039A_481 
 CF039A_465 CF039A_468 CF039A_358 CF039A_420 CF039A_280 CF039A_456 CF039A_502 CF039A_506 CF039A_373 CF039A_457    CF039A_375 CF039A_377 CF039A_475   CF039A_42",Ap_PsaAgArbn.c,6,main,SIL,Ap_PsaAgArbn_PIL.pdbx,1,TC_CF039A_TEST CASE_14,TV_R Fourteenth Test_1 - TV_R Fourteenth Test_26,PASS,26 out of 26 Passed
"CF039A_422 CF039A_26 CF039A_113 CF039A_28 CF039A_433 CF039A_482 CF039A_478 CF039A_318 CF039A_413 CF039A_414 CF039A_319 CF039A_395 CF039A_417 
CF039A_418 CF039A_346 CF039A_351 CF039A_401 CF039A_421 CF039A_505CF039A_385 CF039A_476 CF039A_447  CF039A_320 CF039A_392 CF039A_415 CF039A_416 
CF039A_504 CF039A_385 CF039A_483 CF039A_484  CF039A_391 CF039A_388 CF039A_398 CF039A_353 CF039A_356 CF039A_379 CF039A_458 CF039A_480 CF039A_459 CF039A_347 CF039A_393 CF039A_349 CF039A_350 CF039A_399
 CF039A_321 CF039A_397 CF039A_394 CF039A_445 CF039A_485 CF039A_440 CF039A_332 CF039A_437 CF039A_430 CF039A_490
 CF039A_493 CF039A_438 CF039A_494 CF039A_495 CF039A_461 CF039A_462 CF039A_464 CF039A_466 CF039A_467 CF039A_469  CF039A_448  CF039A_449 CF039A_343 CF039A_496
 CF039A_451 CF039A_497 CF039A_454 CF039A_498 CF039A_453 CF039A_499 CF039A_366 CF039A_472 CF039A_359 CF039A_360 CF039A_363 CF039A_473 CF039A_362 CF039A_474 CF039A_486 CF039A_487
 CF039A_503 CF039A_507 CF039A_488 CF039A_489 CF039A_452 CF039A_500 CF039A_479 CF039A_501 CF039A_380 CF039A_460   CF039A_463 CF039A_481 
 CF039A_465 CF039A_468 CF039A_358 CF039A_420 CF039A_280 CF039A_456 CF039A_502 CF039A_506 CF039A_373 CF039A_457    CF039A_375 CF039A_377 CF039A_475   CF039A_42",Ap_PsaAgArbn.c,6,main,SIL,Ap_PsaAgArbn_PIL.pdbx,1,TC_CF039A_TEST CASE_15,TV_R Fifteenth Test_1 - TV_R Fifteenth Test_16,PASS,16 out of 16 Passed
"CF039A_422 CF039A_26 CF039A_113 CF039A_28 CF039A_433 CF039A_482 CF039A_478 CF039A_318 CF039A_413 CF039A_414 CF039A_319 CF039A_395 CF039A_417 
CF039A_418 CF039A_346 CF039A_351 CF039A_401 CF039A_421 CF039A_505CF039A_385 CF039A_476 CF039A_447  CF039A_320 CF039A_392 CF039A_415 CF039A_416 
CF039A_504 CF039A_385 CF039A_483 CF039A_484  CF039A_391 CF039A_388 CF039A_398 CF039A_353 CF039A_356 CF039A_379 CF039A_458 CF039A_480 CF039A_459 CF039A_347 CF039A_393 CF039A_349 CF039A_350 CF039A_399
 CF039A_321 CF039A_397 CF039A_394 CF039A_445 CF039A_485 CF039A_440 CF039A_332 CF039A_437 CF039A_430 CF039A_490
 CF039A_493 CF039A_438 CF039A_494 CF039A_495 CF039A_461 CF039A_462 CF039A_464 CF039A_466 CF039A_467 CF039A_469  CF039A_448  CF039A_449 CF039A_343 CF039A_496
 CF039A_451 CF039A_497 CF039A_454 CF039A_498 CF039A_453 CF039A_499 CF039A_366 CF039A_472 CF039A_359 CF039A_360 CF039A_363 CF039A_473 CF039A_362 CF039A_474 CF039A_486 CF039A_487
 CF039A_503 CF039A_507 CF039A_488 CF039A_489 CF039A_452 CF039A_500 CF039A_479 CF039A_501 CF039A_380 CF039A_460   CF039A_463 CF039A_481 
 CF039A_465 CF039A_468 CF039A_358 CF039A_420 CF039A_280 CF039A_456 CF039A_502 CF039A_506 CF039A_373 CF039A_457    CF039A_375 CF039A_377 CF039A_475   CF039A_42",Ap_PsaAgArbn.c,6,main,SIL,Ap_PsaAgArbn_PIL.pdbx,1,TC_CF039A_TEST CASE_16,TV_R Sixteenth Test_1 - TV_R Sixteenth Test_16,PASS,16 out of 16 Passed
"CF039A_422 CF039A_26 CF039A_113 CF039A_28 CF039A_433 CF039A_482 CF039A_478 CF039A_318 CF039A_413 CF039A_414 CF039A_319 CF039A_395 CF039A_417 
CF039A_418 CF039A_346 CF039A_351 CF039A_401 CF039A_421 CF039A_505CF039A_385 CF039A_476 CF039A_447  CF039A_320 CF039A_392 CF039A_415 CF039A_416 
CF039A_504 CF039A_385 CF039A_483 CF039A_484  CF039A_391 CF039A_388 CF039A_398 CF039A_353 CF039A_356 CF039A_379 CF039A_458 CF039A_480 CF039A_459 CF039A_347 CF039A_393 CF039A_349 CF039A_350 CF039A_399
 CF039A_321 CF039A_397 CF039A_394 CF039A_445 CF039A_485 CF039A_440 CF039A_332 CF039A_437 CF039A_430 CF039A_490
 CF039A_493 CF039A_438 CF039A_494 CF039A_495 CF039A_461 CF039A_462 CF039A_464 CF039A_466 CF039A_467 CF039A_469  CF039A_448  CF039A_449 CF039A_343 CF039A_496
 CF039A_451 CF039A_497 CF039A_454 CF039A_498 CF039A_453 CF039A_499 CF039A_366 CF039A_472 CF039A_359 CF039A_360 CF039A_363 CF039A_473 CF039A_362 CF039A_474 CF039A_486 CF039A_487
 CF039A_503 CF039A_507 CF039A_488 CF039A_489 CF039A_452 CF039A_500 CF039A_479 CF039A_501 CF039A_380 CF039A_460   CF039A_463 CF039A_481 
 CF039A_465 CF039A_468 CF039A_358 CF039A_420 CF039A_280 CF039A_456 CF039A_502 CF039A_506 CF039A_373 CF039A_457    CF039A_375 CF039A_377 CF039A_475   CF039A_42",Ap_PsaAgArbn.c,6,main,SIL,Ap_PsaAgArbn_PIL.pdbx,1,TC_CF039A_TEST CASE_17,TV_R Seventeeth Test_1 -TV_R Seventeeth Test_101,PASS,101 out of 101 Passed
"CF039A_422 CF039A_26 CF039A_113 CF039A_28 CF039A_433 CF039A_482 CF039A_478 CF039A_318 CF039A_413 CF039A_414 CF039A_319 CF039A_395 CF039A_417 
CF039A_418 CF039A_346 CF039A_351 CF039A_401 CF039A_421 CF039A_505CF039A_385 CF039A_476 CF039A_447  CF039A_320 CF039A_392 CF039A_415 CF039A_416 
CF039A_504 CF039A_385 CF039A_483 CF039A_484  CF039A_391 CF039A_388 CF039A_398 CF039A_353 CF039A_356 CF039A_379 CF039A_458 CF039A_480 CF039A_459 CF039A_347 CF039A_393 CF039A_349 CF039A_350 CF039A_399
 CF039A_321 CF039A_397 CF039A_394 CF039A_445 CF039A_485 CF039A_440 CF039A_332 CF039A_437 CF039A_430 CF039A_490
 CF039A_493 CF039A_438 CF039A_494 CF039A_495 CF039A_461 CF039A_462 CF039A_464 CF039A_466 CF039A_467 CF039A_469  CF039A_448  CF039A_449 CF039A_343 CF039A_496
 CF039A_451 CF039A_497 CF039A_454 CF039A_498 CF039A_453 CF039A_499 CF039A_366 CF039A_472 CF039A_359 CF039A_360 CF039A_363 CF039A_473 CF039A_362 CF039A_474 CF039A_486 CF039A_487
 CF039A_503 CF039A_507 CF039A_488 CF039A_489 CF039A_452 CF039A_500 CF039A_479 CF039A_501 CF039A_380 CF039A_460   CF039A_463 CF039A_481 
 CF039A_465 CF039A_468 CF039A_358 CF039A_420 CF039A_280 CF039A_456 CF039A_502 CF039A_506 CF039A_373 CF039A_457    CF039A_375 CF039A_377 CF039A_475   CF039A_42",Ap_PsaAgArbn.c,6,main,SIL,Ap_PsaAgArbn_PIL.pdbx,1,TC_CF039A_TEST CASE_18,TV_R Eighteenth Test_1 - TV_R Eighteenth Test_501,PASS,501 out of 501 Passed
"CF039A_422 CF039A_26 CF039A_113 CF039A_28 CF039A_433 CF039A_482 CF039A_478 CF039A_318 CF039A_413 CF039A_414 CF039A_319 CF039A_395 CF039A_417 
CF039A_418 CF039A_346 CF039A_351 CF039A_401 CF039A_421 CF039A_505CF039A_385 CF039A_476 CF039A_447  CF039A_320 CF039A_392 CF039A_415 CF039A_416 
CF039A_504 CF039A_385 CF039A_483 CF039A_484  CF039A_391 CF039A_388 CF039A_398 CF039A_353 CF039A_356 CF039A_379 CF039A_458 CF039A_480 CF039A_459 CF039A_347 CF039A_393 CF039A_349 CF039A_350 CF039A_399
 CF039A_321 CF039A_397 CF039A_394 CF039A_445 CF039A_485 CF039A_440 CF039A_332 CF039A_437 CF039A_430 CF039A_490
 CF039A_493 CF039A_438 CF039A_494 CF039A_495 CF039A_461 CF039A_462 CF039A_464 CF039A_466 CF039A_467 CF039A_469  CF039A_448  CF039A_449 CF039A_343 CF039A_496
 CF039A_451 CF039A_497 CF039A_454 CF039A_498 CF039A_453 CF039A_499 CF039A_366 CF039A_472 CF039A_359 CF039A_360 CF039A_363 CF039A_473 CF039A_362 CF039A_474 CF039A_486 CF039A_487
 CF039A_503 CF039A_507 CF039A_488 CF039A_489 CF039A_452 CF039A_500 CF039A_479 CF039A_501 CF039A_380 CF039A_460   CF039A_463 CF039A_481 
 CF039A_465 CF039A_468 CF039A_358 CF039A_420 CF039A_280 CF039A_456 CF039A_502 CF039A_506 CF039A_373 CF039A_457    CF039A_375 CF039A_377 CF039A_475   CF039A_42",Ap_PsaAgArbn.c,6,main,SIL,Ap_PsaAgArbn_PIL.pdbx,1,TC_CF039A_TEST CASE_19,TV_R Nineteenth Test_1 - TV_R Nineteenth Test_501,PASS,501 out of 501 Passed
