<?xml version="1.0" encoding="UTF-8"?>

<project name="Polyspace" files="1" includes="23" ap_cg_cycle="0" ap_cg_direct_cycle="0" pshv="0" unpshv="0">
<file name="C:\Synergy_KK\working\StOpCtrl-nz4qtt\StOpCtrl\src\Ap_StOpCtrl.c" total_lines="497" lines_without_cmt="207" comf="30" fco="0">
<function name="TargetSelection" path="112" goto="0" vg="13" calling="1" calls="0" param="8" stmt="28" level="3" return="0" vocf="6.1" flin="85" fxln="40" ncalls="0">
</function>
<function name="StOpCtrl_Per1" path="16" goto="0" vg="13" calling="0" calls="2" param="0" stmt="38" level="1" return="0" vocf="7.0" flin="142" fxln="50" ncalls="2">
</function>
<function name="StOpCtrl_Init" path="1" goto="0" vg="1" calling="0" calls="0" param="0" stmt="0" level="1" return="0" vocf="1.2" flin="10" fxln="0" ncalls="0">
</function>
<function name="Blend_f32" path="1" goto="0" vg="1" calling="0" calls="0" param="3" stmt="1" level="1" return="1" vocf="2.9" flin="0" fxln="0" ncalls="0">
</function>
</file>
</project>
