<?xml version="1.0" encoding="UTF-8"?>
<MISRA-C-Report-Summary>
<File Mode="advisory" Error="0" Warning="7" Total="7">
<Name>
C:\Synergy_KK\working\StOpCtrl-nz4qtt\StOpCtrl\src\Ap_StOpCtrl.c</Name>
</File>
<File Mode="required" Error="0" Warning="8" Total="8">
<Name>
C:\Synergy_KK\working\StOpCtrl-nz4qtt\StOpCtrl\src\Ap_StOpCtrl.c</Name>
</File>
<Rule Name="19.1" Count="5" Mode="advisory" Severity="warning">
<Message>
#include statements in a file shall only be preceded by other preprocessor directives or comments.</Message>
</Rule>
<Rule Name="8.10" Count="3" Mode="required" Severity="warning">
<Message>
</Message>
</Rule>
<Rule Name="8.7" Count="3" Mode="required" Severity="warning">
<Message>
Objects shall be defined at block scope if they are only accessed from</Message>
</Rule>
<Rule Name="5.7" Count="2" Mode="advisory" Severity="warning">
<Message>
</Message>
</Rule>
<Rule Name="10.1" Count="1" Mode="required" Severity="warning">
<Message>
Implicit conversion of the binary &gt; left hand operand of underlying type 'signed int'</Message>
</Rule>
<Rule Name="8.1" Count="1" Mode="required" Severity="warning">
<Message>
Function 'fabsf' has no complete visible prototype at call.</Message>
</Rule>
</MISRA-C-Report-Summary>
