<?xml version="1.0" encoding="UTF-8"?>
<Navig version="1.0">
<Files>
<F id="1" n="C:\Program Files\MATLAB\R2013b\polyspace\verifier\cxx\cinclude\stdarg.h"/>
<F id="2" n="C:\SynergyEA3\Working\StdDef\include\Platform_Types.h"/>
<F id="3" n="C:\SynergyEA3\Working\StdDef\include\Std_Types.h"/>
<F id="4" n="C:\SynergyEA3\Working\TuningSelAuth\tools\Contract\Ap_TuningSelAuth\Rte_Type.h"/>
<F id="5" n="C:\SynergyEA3\Working\TuningSelAuth\tools\Contract\Ap_TuningSelAuth\Rte_Ap_TuningSelAuth.h"/>
<F id="6" n="C:\SynergyEA3\Working\TuningSelAuth\tools\Contract\CalConstants.h"/>
<F id="7" n="C:\Program Files\MATLAB\R2013b\polyspace\verifier\cxx\include\include-libc\bits\huge_val.h"/>
<F id="8" n="C:\SynergyEA3\Working\NxtrLib\include\Filter_Types.h"/>
<F id="9" n="C:\SynergyEA3\Working\NxtrLib\include\fpmtype.h"/>
<F id="10" n="C:\SynergyEA3\Working\TuningSelAuth\src\Ap_TuningSelAuth.c"/>
<F id="11" n="C:\SynergyEA3\Working\NxtrLib\include\GlobalMacro.h"/>
<F id="12" n="C:\SynergyEA3\Working\NxtrLib\include\filters.h"/>
<F id="13" n="C:\SynergyEA3\Working\NxtrLib\include\interpolation.h"/>
<F id="14" n="C-STUBS\__polyspace__stdstubs.c"/>
<F id="15" n="C:\Program Files\MATLAB\R2013b\polyspace\verifier\cxx\cinclude\__polyspace__std_decls.h"/>
<F id="16" n="C:\Program Files\MATLAB\R2013b\polyspace\verifier\cxx\cinclude\assert.h"/>
<F id="17" n="C:\Program Files\MATLAB\R2013b\polyspace\verifier\cxx\cinclude\__polyspace__libc_defs.h"/>
<F id="18" n="C:\SynergyEA3\Working\TuningSelAuth\tools\Contract\Ap_TuningSelAuth\Rte.h"/>
<F id="19" n="C:\SynergyEA3\Working\StdDef\include\Compiler.h"/>
<F id="20" n="C:\SynergyEA3\Working\TuningSelAuth\tools\Contract\Compiler_Cfg.h"/>
<F id="21" n="C:\SynergyEA3\Working\TuningSelAuth\tools\Contract\MemMap.h"/>
<F id="22" n="C:\Program Files\MATLAB\R2013b\polyspace\verifier\cxx\include\include-libc\math.h"/>
<F id="23" n="C:\Program Files\MATLAB\R2013b\polyspace\verifier\cxx\include\include-libc\features.h"/>
<F id="24" n="C:\Program Files\MATLAB\R2013b\polyspace\verifier\cxx\include\include-libc\sys\cdefs.h"/>
<F id="25" n="C:\Program Files\MATLAB\R2013b\polyspace\verifier\cxx\include\include-libc\gnu\stubs.h"/>
<F id="26" n="C:\Program Files\MATLAB\R2013b\polyspace\verifier\cxx\include\include-libc\endian.h"/>
<F id="27" n="C:\Program Files\MATLAB\R2013b\polyspace\verifier\cxx\include\include-libc\bits\endian.h"/>
<F id="28" n="C:\Program Files\MATLAB\R2013b\polyspace\verifier\cxx\include\include-libc\bits\mathdef.h"/>
<F id="29" n="C:\Program Files\MATLAB\R2013b\polyspace\verifier\cxx\include\include-libc\bits\mathcalls.h"/>
<F id="30" n="C:\SynergyEA3\Working\NxtrLib\include\fixmath.h"/>
</Files>
<Definitions>
<D id="1" f="9" l="1001" c="15" n="s31p0_T" t="7" d="1"/>
<D id="2" f="10" l="270" c="13" n="fabsf" t="2" d="0"/>
<D id="3" f="9" l="1121" c="15" n="s11p20_T" t="7" d="1"/>
<D id="4" f="9" l="1031" c="15" n="s26p5_T" t="7" d="1"/>
<D id="5" f="9" l="1103" c="15" n="s14p17_T" t="7" d="1"/>
<D id="6" f="9" l="1013" c="15" n="s29p2_T" t="7" d="1"/>
<D id="7" f="10" l="240" c="16" n="HwTorqueFilt_HwNm_T_f32" t="4" d="1"/>
<D id="8" f="10" l="161" c="15" n="DesiredTunPers_Cnt_T_u16" t="4" d="1"/>
<D id="9" f="10" l="242" c="15" n="DesiredTunPers_Cnt_T_u16" t="4" d="1"/>
<D id="10" f="10" l="241" c="16" n="HandwheelVelocity_HwRadpS_T_f32" t="4" d="1"/>
<D id="11" f="10" l="162" c="15" n="DesiredTunSet_Cnt_T_u16" t="4" d="1"/>
<D id="12" f="10" l="243" c="15" n="DesiredTunSet_Cnt_T_u16" t="4" d="1"/>
<D id="13" f="14" l="462" c="13" n="_polyspace_random_int" t="5" d="1"/>
<D id="14" f="9" l="1151" c="15" n="s6p25_T" t="7" d="1"/>
<D id="15" f="9" l="1061" c="15" n="s21p10_T" t="7" d="1"/>
<D id="16" f="14" l="470" c="14" n="_polyspace_random_long" t="5" d="1"/>
<D id="17" f="9" l="1133" c="15" n="s9p22_T" t="7" d="1"/>
<D id="18" f="9" l="1043" c="15" n="s24p7_T" t="7" d="1"/>
<D id="19" f="9" l="1115" c="15" n="s12p19_T" t="7" d="1"/>
<D id="20" f="10" l="244" c="15" n="VehicleSpeed_Kph_T_u9p7" t="4" d="1"/>
<D id="21" f="9" l="1025" c="15" n="s27p4_T" t="7" d="1"/>
<D id="22" f="9" l="1007" c="15" n="s30p1_T" t="7" d="1"/>
<D id="23" f="14" l="3532" c="4" n="__polyspace_nb_varargs" t="1" d="1"/>
<D id="24" f="10" l="245" c="15" n="HwTrqThY_HwNm_T_u4p12" t="4" d="1"/>
<D id="25" f="14" l="454" c="23" n="_polyspace_random_uchar" t="5" d="1"/>
<D id="26" f="9" l="1181" c="15" n="s1p30_T" t="7" d="1"/>
<D id="27" f="9" l="1091" c="15" n="s16p15_T" t="7" d="1"/>
<D id="28" f="9" l="1163" c="15" n="s4p27_T" t="7" d="1"/>
<D id="29" f="9" l="1073" c="15" n="s19p12_T" t="7" d="1"/>
<D id="30" f="9" l="1145" c="15" n="s7p24_T" t="7" d="1"/>
<D id="31" f="9" l="1055" c="15" n="s22p9_T" t="7" d="1"/>
<D id="32" f="9" l="1127" c="15" n="s10p21_T" t="7" d="1"/>
<D id="33" f="9" l="1037" c="15" n="s25p6_T" t="7" d="1"/>
<D id="34" f="14" l="446" c="14" n="_polyspace_random_char" t="5" d="1"/>
<D id="35" f="14" l="480" c="34" n="random" t="4" d="1"/>
<D id="36" f="9" l="1109" c="15" n="s13p18_T" t="7" d="1"/>
<D id="37" f="9" l="1019" c="15" n="s28p3_T" t="7" d="1"/>
<D id="38" f="10" l="246" c="16" n="TunReqGranted_Cnt_T_lgc" t="4" d="1"/>
<D id="39" f="10" l="237" c="16" n="HwTorque_HwNm_T_f32" t="4" d="1"/>
<D id="40" f="10" l="248" c="15" n="TunSessionAddrPtr_Cnt_T_u32" t="4" d="1"/>
<D id="41" f="14" l="464" c="24" n="random" t="4" d="1"/>
<D id="42" f="14" l="3531" c="7" n="__polyspace_vararg" t="1" d="1"/>
<D id="43" f="14" l="472" c="25" n="random" t="4" d="1"/>
<D id="44" f="10" l="238" c="16" n="VehicleSpeed_Kph_T_f32" t="4" d="1"/>
<D id="45" f="10" l="249" c="33" n="TuningSessionActPtr_Cnt_T_u8" t="4" d="1"/>
<D id="46" f="9" l="1175" c="15" n="s2p29_T" t="7" d="1"/>
<D id="47" f="9" l="1085" c="15" n="s17p14_T" t="7" d="1"/>
<D id="48" f="9" l="1157" c="15" n="s5p26_T" t="7" d="1"/>
<D id="49" f="9" l="1067" c="15" n="s20p11_T" t="7" d="1"/>
<D id="50" f="9" l="1139" c="15" n="s8p23_T" t="7" d="1"/>
<D id="51" f="10" l="239" c="16" n="HwTrqThY_HwNm_T_f32" t="4" d="1"/>
<D id="52" f="9" l="1049" c="15" n="s23p8_T" t="7" d="1"/>
<D id="53" f="14" l="456" c="34" n="random" t="4" d="1"/>
<D id="54" f="12" l="59" c="135" n="FiltK_Cnt_T_Str" t="4" d="1"/>
<D id="55" f="14" l="478" c="23" n="_polyspace_random_ulong" t="5" d="1"/>
<D id="56" f="9" l="1187" c="15" n="s0p31_T" t="7" d="1"/>
<D id="57" f="14" l="448" c="25" n="random" t="4" d="1"/>
<D id="58" f="9" l="1097" c="15" n="s15p16_T" t="7" d="1"/>
<D id="59" f="9" l="1169" c="15" n="s3p28_T" t="7" d="1"/>
<D id="60" f="9" l="1079" c="15" n="s18p13_T" t="7" d="1"/>
<D id="61" f="14" l="485" c="16" n="_polyspace_random_double" t="5" d="1"/>
<D id="62" f="14" l="487" c="27" n="random" t="4" d="1"/>
<D id="63" f="10" l="187" c="58" n="expf" t="2" d="0"/>
<D id="64" f="12" l="100" c="134" n="FiltK_Cnt_T_Str" t="4" d="1"/>
<D id="65" f="14" l="6877" c="14" n="_polyspace_compare_function_type" t="7" d="1"/>
<D id="66" f="8" l="43" c="1" n="LPF32KSV_Str" t="7" d="1"/>
<D id="67" f="8" l="36" c="1" n="NotchFiltSV_Str" t="7" d="1"/>
<D id="68" f="8" l="29" c="1" n="NotchFiltK_Str" t="7" d="1"/>
<D id="69" f="8" l="48" c="1" n="HPF32KSV_Str" t="7" d="1"/>
<D id="70" f="14" l="11321" c="23" n="random" t="4" d="1"/>
<D id="71" f="14" l="11337" c="21" n="HUGE_VAL" t="1" d="1"/>
<D id="72" f="14" l="11319" c="12" n="_polyspace_random_long_double" t="2" d="1"/>
<D id="73" f="14" l="11338" c="21" n="HUGE_VALF" t="1" d="1"/>
<D id="74" f="14" l="11339" c="21" n="HUGE_VALL" t="1" d="1"/>
<D id="75" f="14" l="12181" c="16" n="__polyspace_absolute_address" t="1" d="1"/>
<D id="76" f="6" l="31" c="20" n="T_TunSetSelectionTbl_Ptr_Str" t="1" d="1"/>
<D id="77" f="4" l="230" c="2" n="Rte_DE_UInt32" t="7" d="1"/>
<D id="78" f="6" l="32" c="20" n="T_TunPersSelectionTbl_Ptr_Str" t="1" d="1"/>
<D id="79" f="4" l="240" c="2" n="Rte_DE_TuningSessionAddrPtrEnum" t="7" d="1"/>
<D id="80" f="6" l="41" c="21" n="k_TunSelHwTrqLPFKn_Hz_f32" t="1" d="0"/>
<D id="81" f="7" l="52" c="20" n="__huge_val" t="3" d="1"/>
<D id="82" f="8" l="41" c="12" n="SV_Uls_f32" t="9" d="1"/>
<D id="83" f="6" l="42" c="21" n="k_TunSelVehSpdThresh_Kph_f32" t="1" d="0"/>
<D id="84" f="6" l="44" c="20" n="t_TunSel_HwTrqThX_Kph_u9p7" t="1" d="0"/>
<D id="85" f="8" l="42" c="12" n="K_Uls_f32" t="9" d="1"/>
<D id="86" f="7" l="43" c="30" n="__c" t="9" d="1"/>
<D id="87" f="6" l="43" c="21" n="k_TunSel_HwVelThresh_HwRadpS_f32" t="1" d="0"/>
<D id="88" f="6" l="45" c="20" n="t_TunSel_HwTrqThY_HwNm_u4p12" t="1" d="0"/>
<D id="89" f="4" l="225" c="2" n="Rte_DE_UInt16" t="7" d="1"/>
<D id="90" f="3" l="117" c="2" n="Std_VersionInfoType" t="7" d="1"/>
<D id="91" f="4" l="235" c="2" n="Rte_DE_Float" t="7" d="1"/>
<D id="92" f="4" l="245" c="2" n="Rte_DE_Boolean" t="7" d="1"/>
<D id="93" f="4" l="53" c="14" n="TuningSessionAddrPtrEnum" t="7" d="1"/>
<D id="94" f="1" l="45" c="14" n="__va_list" t="7" d="1"/>
<D id="95" f="4" l="43" c="15" n="UInt16" t="7" d="1"/>
<D id="96" f="8" l="35" c="32" n="KPtr_Cnt_Str" t="9" d="1"/>
<D id="97" f="6" l="25" c="15" n="TUNING_P_Str" t="7" d="1"/>
<D id="98" f="7" l="43" c="52" n="__huge_val_t" t="7" d="1"/>
<D id="99" f="6" l="26" c="15" n="TUNING_Y_Str" t="7" d="1"/>
<D id="100" f="1" l="50" c="18" n="__gnuc_va_list" t="7" d="1"/>
<D id="101" f="6" l="28" c="14" n="TunPer_Ptr_Str" t="1" d="1"/>
<D id="102" f="4" l="35" c="16" n="Boolean" t="7" d="1"/>
<D id="103" f="6" l="29" c="14" n="TunSet_Ptr_Str" t="1" d="1"/>
<D id="104" f="8" l="24" c="17" n="A1_Uls_f32" t="9" d="1"/>
<D id="105" f="4" l="252" c="7" n="Rte_CDS_Ap_TuningSelAuth" t="6" d="1"/>
<D id="106" f="4" l="48" c="15" n="UInt32" t="7" d="1"/>
<D id="107" f="8" l="25" c="17" n="A2_Uls_f32" t="9" d="1"/>
<D id="108" f="8" l="32" c="64" n="SV1_Uls_f32" t="9" d="1"/>
<D id="109" f="7" l="43" c="45" n="__d" t="9" d="1"/>
<D id="110" f="4" l="38" c="16" n="Float" t="7" d="1"/>
<D id="111" f="8" l="26" c="17" n="B0_Uls_f32" t="9" d="1"/>
<D id="112" f="8" l="33" c="64" n="SV2_Uls_f32" t="9" d="1"/>
<D id="113" f="5" l="41" c="47" n="Rte_Instance" t="7" d="1"/>
<D id="114" f="4" l="234" c="8" n="value" t="9" d="1"/>
<D id="115" f="8" l="27" c="17" n="B1_Uls_f32" t="9" d="1"/>
<D id="116" f="8" l="34" c="64" n="Out_Uls_f32" t="9" d="1"/>
<D id="117" f="12" l="57" c="6" n="NF_SvUpdate_f32" t="2" d="1"/>
<D id="118" f="8" l="46" c="17" n="LPF_Str" t="9" d="1"/>
<D id="119" f="8" l="28" c="17" n="B2_Uls_f32" t="9" d="1"/>
<D id="120" f="8" l="47" c="17" n="CF_Uls_f32" t="9" d="1"/>
<D id="121" f="1" l="49" c="18" n="va_list" t="7" d="1"/>
<D id="122" f="3" l="111" c="10" n="vendorID" t="9" d="1"/>
<D id="123" f="3" l="112" c="10" n="moduleID" t="9" d="1"/>
<D id="124" f="3" l="113" c="10" n="instanceID" t="9" d="1"/>
<D id="125" f="3" l="100" c="22" n="StatusType" t="7" d="1"/>
<D id="126" f="3" l="114" c="10" n="sw_major_version" t="9" d="1"/>
<D id="127" f="4" l="224" c="9" n="value" t="9" d="1"/>
<D id="128" f="10" l="70" c="20" n="HwTrqLPFiltSV_HwNm_M_str" t="3" d="1"/>
<D id="129" f="3" l="115" c="10" n="sw_minor_version" t="9" d="1"/>
<D id="130" f="12" l="82" c="9" n="NF_OpUpdate_f32" t="2" d="1"/>
<D id="131" f="3" l="116" c="10" n="sw_patch_version" t="9" d="1"/>
<D id="132" f="11" l="38" c="9" n="Blend_f32" t="2" d="1"/>
<D id="133" f="4" l="244" c="10" n="value" t="9" d="1"/>
<D id="134" f="10" l="230" c="5" n="TuningSelAuth_Per1" t="2" d="1"/>
<D id="135" f="13" l="31" c="14" n="IntplVarXY_u16_u16Xu16Y_Cnt" t="2" d="0"/>
<D id="136" f="4" l="140" c="14" n="SInt8" t="7" d="1"/>
<D id="137" f="4" l="229" c="9" n="value" t="9" d="1"/>
<D id="138" f="4" l="130" c="15" n="SInt32" t="7" d="1"/>
<D id="139" f="4" l="150" c="14" n="UInt8" t="7" d="1"/>
<D id="140" f="9" l="210" c="15" n="u19pm3_T" t="7" d="1"/>
<D id="141" f="4" l="120" c="16" n="Double" t="7" d="1"/>
<D id="142" f="14" l="52" c="23" n="size_t" t="7" d="1"/>
<D id="143" f="10" l="63" c="14" n="PrevTunSet_Cnt_M_u16" t="3" d="1"/>
<D id="144" f="12" l="98" c="9" n="NF_FullUpdate_f32" t="2" d="1"/>
<D id="145" f="9" l="150" c="15" n="um4p20_T" t="7" d="1"/>
<D id="146" f="12" l="57" c="30" n="In_Uls_T_f32" t="4" d="1"/>
<D id="147" f="3" l="107" c="14" n="Std_ReturnType" t="7" d="1"/>
<D id="148" f="9" l="222" c="15" n="u21pm5_T" t="7" d="1"/>
<D id="149" f="9" l="132" c="15" n="um1p17_T" t="7" d="1"/>
<D id="150" f="9" l="204" c="15" n="u18pm2_T" t="7" d="1"/>
<D id="151" f="10" l="64" c="14" n="PrevTunPers_Cnt_M_u16" t="3" d="1"/>
<D id="152" f="4" l="135" c="14" n="SInt4" t="7" d="1"/>
<D id="153" f="9" l="611" c="15" n="u13p3_T" t="7" d="1"/>
<D id="154" f="9" l="900" c="15" n="u15p17_T" t="7" d="1"/>
<D id="155" f="14" l="57" c="21" n="wchar_t" t="7" d="1"/>
<D id="156" f="9" l="810" c="15" n="u30p2_T" t="7" d="1"/>
<D id="157" f="14" l="54" c="14" n="ptrdiff_t" t="7" d="1"/>
<D id="158" f="9" l="711" c="15" n="s13p2_T" t="7" d="1"/>
<D id="159" f="4" l="125" c="15" n="SInt16" t="7" d="1"/>
<D id="160" f="4" l="145" c="14" n="UInt4" t="7" d="1"/>
<D id="161" f="9" l="251" c="15" n="um1p33_T" t="7" d="1"/>
<D id="162" f="12" l="82" c="33" n="In_Uls_T_f32" t="4" d="1"/>
<D id="163" f="2" l="120" c="28" n="uint64" t="7" d="1"/>
<D id="164" f="9" l="180" c="15" n="um9p25_T" t="7" d="1"/>
<D id="165" f="2" l="111" c="28" n="boolean" t="7" d="1"/>
<D id="166" f="9" l="162" c="15" n="um6p22_T" t="7" d="1"/>
<D id="167" f="9" l="411" c="17" n="s19pm4_T" t="7" d="1"/>
<D id="168" f="9" l="321" c="17" n="sm2p17_T" t="7" d="1"/>
<D id="169" f="9" l="144" c="15" n="um3p19_T" t="7" d="1"/>
<D id="170" f="9" l="641" c="15" n="u8p8_T" t="7" d="1"/>
<D id="171" f="9" l="930" c="15" n="u10p22_T" t="7" d="1"/>
<D id="172" f="9" l="216" c="15" n="u20pm4_T" t="7" d="1"/>
<D id="173" f="9" l="840" c="15" n="u25p7_T" t="7" d="1"/>
<D id="174" f="10" l="155" c="5" n="TuningSelAuth_Init1" t="2" d="1"/>
<D id="175" f="4" l="260" c="17" n="TuningSelAuth_Per1_ActiveTunPers_Cnt_u16" t="9" d="1"/>
<D id="176" f="9" l="623" c="15" n="u11p5_T" t="7" d="1"/>
<D id="177" f="9" l="912" c="15" n="u13p19_T" t="7" d="1"/>
<D id="178" f="9" l="741" c="15" n="s8p7_T" t="7" d="1"/>
<D id="179" f="9" l="822" c="15" n="u28p4_T" t="7" d="1"/>
<D id="180" f="9" l="605" c="15" n="u14p2_T" t="7" d="1"/>
<D id="181" f="9" l="723" c="15" n="s11p4_T" t="7" d="1"/>
<D id="182" f="9" l="804" c="15" n="u31p1_T" t="7" d="1"/>
<D id="183" f="2" l="122" c="28" n="uint8_least" t="7" d="1"/>
<D id="184" f="2" l="113" c="28" n="sint8" t="7" d="1"/>
<D id="185" f="4" l="261" c="17" n="TuningSelAuth_Per1_ActiveTunSet_Cnt_u16" t="9" d="1"/>
<D id="186" f="9" l="705" c="15" n="s14p1_T" t="7" d="1"/>
<D id="187" f="9" l="245" c="15" n="u33pm1_T" t="7" d="1"/>
<D id="188" f="2" l="132" c="28" n="float32" t="7" d="1"/>
<D id="189" f="9" l="192" c="15" n="um11p27_T" t="7" d="1"/>
<D id="190" f="9" l="441" c="17" n="s24pm9_T" t="7" d="1"/>
<D id="191" f="2" l="123" c="28" n="uint16_least" t="7" d="1"/>
<D id="192" f="9" l="351" c="17" n="sm7p22_T" t="7" d="1"/>
<D id="193" f="2" l="114" c="28" n="uint8" t="7" d="1"/>
<D id="194" f="4" l="262" c="17" n="TuningSelAuth_Per1_DesiredTunPers_Cnt_u16" t="9" d="1"/>
<D id="195" f="9" l="174" c="15" n="um8p24_T" t="7" d="1"/>
<D id="196" f="9" l="423" c="17" n="s21pm6_T" t="7" d="1"/>
<D id="197" f="9" l="671" c="15" n="u3p13_T" t="7" d="1"/>
<D id="198" f="9" l="960" c="15" n="u5p27_T" t="7" d="1"/>
<D id="199" f="9" l="333" c="17" n="sm4p19_T" t="7" d="1"/>
<D id="200" f="9" l="870" c="15" n="u20p12_T" t="7" d="1"/>
<D id="201" f="4" l="264" c="16" n="TuningSelAuth_Per1_HandwheelVelocity_HwRadpS_f32" t="9" d="1"/>
<D id="202" f="9" l="156" c="15" n="um5p21_T" t="7" d="1"/>
<D id="203" f="9" l="405" c="17" n="s18pm3_T" t="7" d="1"/>
<D id="204" f="9" l="653" c="15" n="u6p10_T" t="7" d="1"/>
<D id="205" f="9" l="942" c="15" n="u8p24_T" t="7" d="1"/>
<D id="206" f="2" l="133" c="28" n="float64" t="7" d="1"/>
<D id="207" f="9" l="228" c="15" n="u22pm6_T" t="7" d="1"/>
<D id="208" f="9" l="315" c="17" n="sm1p16_T" t="7" d="1"/>
<D id="209" f="9" l="771" c="15" n="s3p12_T" t="7" d="1"/>
<D id="210" f="9" l="852" c="15" n="u23p9_T" t="7" d="1"/>
<D id="211" f="14" l="428" c="4" n="errno" t="1" d="1"/>
<D id="212" f="2" l="124" c="28" n="uint32_least" t="7" d="1"/>
<D id="213" f="9" l="138" c="15" n="um2p18_T" t="7" d="1"/>
<D id="214" f="9" l="635" c="15" n="u9p7_T" t="7" d="1"/>
<D id="215" f="9" l="924" c="15" n="u11p21_T" t="7" d="1"/>
<D id="216" f="2" l="115" c="28" n="sint16" t="7" d="1"/>
<D id="217" f="4" l="263" c="17" n="TuningSelAuth_Per1_DesiredTunSet_Cnt_u16" t="9" d="1"/>
<D id="218" f="9" l="470" c="17" n="sm3p34_T" t="7" d="1"/>
<D id="219" f="9" l="753" c="15" n="s6p9_T" t="7" d="1"/>
<D id="220" f="9" l="834" c="15" n="u26p6_T" t="7" d="1"/>
<D id="221" f="9" l="617" c="15" n="u12p4_T" t="7" d="1"/>
<D id="222" f="9" l="906" c="15" n="u14p18_T" t="7" d="1"/>
<D id="223" f="4" l="265" c="16" n="TuningSelAuth_Per1_HwTorque_HwNm_f32" t="9" d="1"/>
<D id="224" f="9" l="735" c="15" n="s9p6_T" t="7" d="1"/>
<D id="225" f="9" l="816" c="15" n="u29p3_T" t="7" d="1"/>
<D id="226" f="4" l="275" c="52" n="Rte_Inst_Ap_TuningSelAuth" t="1" d="0"/>
<D id="227" f="2" l="125" c="28" n="uint64_least" t="7" d="1"/>
<D id="228" f="9" l="717" c="15" n="s12p3_T" t="7" d="1"/>
<D id="229" f="2" l="116" c="28" n="uint16" t="7" d="1"/>
<D id="230" f="9" l="257" c="15" n="um3p35_T" t="7" d="1"/>
<D id="231" f="4" l="255" c="17" n="TuningSelAuth_Init1_ActiveTunPers_Cnt_u16" t="9" d="1"/>
<D id="232" f="9" l="381" c="17" n="sm12p27_T" t="7" d="1"/>
<D id="233" f="9" l="239" c="15" n="u34pm2_T" t="7" d="1"/>
<D id="234" f="9" l="447" c="15" n="s25pm10_T" t="7" d="1"/>
<D id="235" f="9" l="990" c="15" n="u0p32_T" t="7" d="1"/>
<D id="236" f="9" l="363" c="17" n="sm9p24_T" t="7" d="1"/>
<D id="237" f="2" l="126" c="28" n="sint8_least" t="7" d="1"/>
<D id="238" f="9" l="186" c="15" n="um10p26_T" t="7" d="1"/>
<D id="239" f="9" l="435" c="17" n="s23pm8_T" t="7" d="1"/>
<D id="240" f="9" l="683" c="15" n="u1p15_T" t="7" d="1"/>
<D id="241" f="9" l="972" c="15" n="u3p29_T" t="7" d="1"/>
<D id="242" f="2" l="117" c="28" n="sint32" t="7" d="1"/>
<D id="243" f="9" l="345" c="17" n="sm6p21_T" t="7" d="1"/>
<D id="244" f="9" l="593" c="15" n="u16p0_T" t="7" d="1"/>
<D id="245" f="9" l="882" c="15" n="u18p14_T" t="7" d="1"/>
<D id="246" f="4" l="256" c="17" n="TuningSelAuth_Init1_ActiveTunSet_Cnt_u16" t="9" d="1"/>
<D id="247" f="9" l="168" c="15" n="um7p23_T" t="7" d="1"/>
<D id="248" f="9" l="417" c="17" n="s20pm5_T" t="7" d="1"/>
<D id="249" f="9" l="665" c="15" n="u4p12_T" t="7" d="1"/>
<D id="250" f="9" l="954" c="15" n="u6p26_T" t="7" d="1"/>
<D id="251" f="11" l="38" c="27" n="In1_Uls_T_f32" t="4" d="1"/>
<D id="252" f="12" l="83" c="73" n="SVPtr_Cnt_T_Str" t="4" d="1"/>
<D id="253" f="9" l="494" c="15" n="s38pm7_T" t="7" d="1"/>
<D id="254" f="9" l="783" c="15" n="s1p14_T" t="7" d="1"/>
<D id="255" f="9" l="864" c="15" n="u21p11_T" t="7" d="1"/>
<D id="256" f="9" l="647" c="15" n="u7p9_T" t="7" d="1"/>
<D id="257" f="9" l="936" c="15" n="u9p23_T" t="7" d="1"/>
<D id="258" f="2" l="127" c="28" n="sint16_least" t="7" d="1"/>
<D id="259" f="9" l="482" c="17" n="sm11p42_T" t="7" d="1"/>
<D id="260" f="9" l="765" c="15" n="s4p11_T" t="7" d="1"/>
<D id="261" f="9" l="846" c="15" n="u24p8_T" t="7" d="1"/>
<D id="262" f="2" l="118" c="28" n="uint32" t="7" d="1"/>
<D id="263" f="9" l="629" c="15" n="u10p6_T" t="7" d="1"/>
<D id="264" f="9" l="918" c="15" n="u12p20_T" t="7" d="1"/>
<D id="265" f="4" l="257" c="17" n="TuningSelAuth_Init1_DesiredTunPers_Cnt_u16" t="9" d="1"/>
<D id="266" f="9" l="464" c="17" n="sm2p33_T" t="7" d="1"/>
<D id="267" f="9" l="747" c="15" n="s7p8_T" t="7" d="1"/>
<D id="268" f="9" l="828" c="15" n="u27p5_T" t="7" d="1"/>
<D id="269" f="4" l="268" c="16" n="TuningSelAuth_Per1_VehicleSpeed_Kph_f32" t="9" d="1"/>
<D id="270" f="4" l="267" c="35" n="TuningSelAuth_Per1_TuningSessionActPtr_Cnt_u8" t="9" d="1"/>
<D id="271" f="9" l="729" c="15" n="s10p5_T" t="7" d="1"/>
<D id="272" f="2" l="128" c="28" n="sint32_least" t="7" d="1"/>
<D id="273" f="2" l="119" c="28" n="sint64" t="7" d="1"/>
<D id="274" f="9" l="327" c="18" n="sm3p18_T" t="7" d="1"/>
<D id="275" f="9" l="393" c="17" n="s16pm1_T" t="7" d="1"/>
<D id="276" f="4" l="258" c="17" n="TuningSelAuth_Init1_DesiredTunSet_Cnt_u16" t="9" d="1"/>
<D id="277" f="9" l="375" c="17" n="sm11p26_T" t="7" d="1"/>
<D id="278" f="4" l="266" c="18" n="TuningSelAuth_Per1_TunReqGranted_Cnt_lgc" t="9" d="1"/>
<D id="279" f="9" l="198" c="15" n="u17pm1_T" t="7" d="1"/>
<D id="280" f="9" l="285" c="17" n="sm5p12_T" t="7" d="1"/>
<D id="281" f="9" l="984" c="15" n="u1p31_T" t="7" d="1"/>
<D id="282" f="2" l="129" c="28" n="sint64_least" t="7" d="1"/>
<D id="283" f="9" l="357" c="17" n="sm8p23_T" t="7" d="1"/>
<D id="284" f="9" l="894" c="15" n="u16p16_T" t="7" d="1"/>
<D id="285" f="11" l="40" c="97" n="Factor_Uls_T_f32" t="4" d="1"/>
<D id="286" f="4" l="239" c="27" n="value" t="9" d="1"/>
<D id="287" f="9" l="429" c="17" n="s22pm7_T" t="7" d="1"/>
<D id="288" f="9" l="677" c="15" n="u2p14_T" t="7" d="1"/>
<D id="289" f="9" l="966" c="15" n="u4p28_T" t="7" d="1"/>
<D id="290" f="4" l="259" c="17" n="TuningSelAuth_Per1_ActiveTunOvrPtrAddr_Cnt_u32" t="9" d="1"/>
<D id="291" f="9" l="339" c="17" n="sm5p20_T" t="7" d="1"/>
<D id="292" f="9" l="876" c="15" n="u19p13_T" t="7" d="1"/>
<D id="293" f="9" l="659" c="15" n="u5p11_T" t="7" d="1"/>
<D id="294" f="9" l="948" c="15" n="u7p25_T" t="7" d="1"/>
<D id="295" f="9" l="488" c="15" n="s32pm1_T" t="7" d="1"/>
<D id="296" f="9" l="777" c="15" n="s2p13_T" t="7" d="1"/>
<D id="297" f="9" l="858" c="15" n="u22p10_T" t="7" d="1"/>
<D id="298" f="12" l="98" c="35" n="In_Uls_T_f32" t="4" d="1"/>
<D id="299" f="9" l="476" c="17" n="sm4p35_T" t="7" d="1"/>
<D id="300" f="9" l="759" c="15" n="s5p10_T" t="7" d="1"/>
<D id="301" f="9" l="458" c="17" n="sm1p32_T" t="7" d="1"/>
<D id="302" f="12" l="58" c="74" n="SVPtr_Cnt_T_Str" t="4" d="1"/>
<D id="303" f="9" l="387" c="17" n="sm13p28_T" t="7" d="1"/>
<D id="304" f="9" l="369" c="17" n="sm10p25_T" t="7" d="1"/>
<D id="305" f="9" l="689" c="15" n="u0p16_T" t="7" d="1"/>
<D id="306" f="9" l="978" c="15" n="u2p30_T" t="7" d="1"/>
<D id="307" f="9" l="599" c="15" n="u15p1_T" t="7" d="1"/>
<D id="308" f="9" l="888" c="15" n="u17p15_T" t="7" d="1"/>
<D id="309" f="9" l="798" c="15" n="u32p0_T" t="7" d="1"/>
<D id="310" f="9" l="789" c="15" n="s0p15_T" t="7" d="1"/>
<D id="311" f="9" l="699" c="15" n="s15p0_T" t="7" d="1"/>
<D id="312" f="12" l="99" c="73" n="SVPtr_Cnt_T_Str" t="4" d="1"/>
<D id="313" f="9" l="399" c="17" n="s17pm2_T" t="7" d="1"/>
<D id="314" f="11" l="39" c="97" n="In2_Uls_T_f32" t="4" d="1"/>
</Definitions>
<Uses>
<U id="1" f="10" l="300" c="31" d="45" a="0"/>
<U id="2" f="12" l="104" c="20" d="298" a="0"/>
<U id="3" f="13" l="22" c="111" d="229" a="0"/>
<U id="4" f="10" l="270" c="19" d="10" a="0"/>
<U id="5" f="12" l="63" c="100" d="96" a="0"/>
<U id="6" f="10" l="180" c="10" d="226" a="0"/>
<U id="7" f="12" l="105" c="29" d="116" a="0"/>
<U id="8" f="13" l="23" c="111" d="229" a="0"/>
<U id="9" f="10" l="181" c="10" d="226" a="0"/>
<U id="10" f="13" l="24" c="111" d="216" a="0"/>
<U id="11" f="10" l="303" c="40" d="101" a="1"/>
<U id="12" f="12" l="105" c="12" d="312" a="0"/>
<U id="13" f="13" l="25" c="111" d="216" a="0"/>
<U id="14" f="10" l="280" c="11" d="38" a="0"/>
<U id="15" f="10" l="335" c="10" d="226" a="0"/>
<U id="16" f="13" l="22" c="131" d="216" a="0"/>
<U id="17" f="10" l="304" c="40" d="103" a="1"/>
<U id="18" f="13" l="23" c="131" d="229" a="0"/>
<U id="19" f="10" l="280" c="39" d="165" a="0"/>
<U id="20" f="10" l="292" c="19" d="45" a="0"/>
<U id="21" f="13" l="24" c="131" d="216" a="0"/>
<U id="22" f="10" l="282" c="20" d="9" a="0"/>
<U id="23" f="10" l="172" c="12" d="11" a="0"/>
<U id="24" f="12" l="103" c="24" d="298" a="0"/>
<U id="25" f="10" l="270" c="13" d="2" a="0"/>
<U id="26" f="13" l="25" c="131" d="229" a="0"/>
<U id="27" f="12" l="104" c="51" d="64" a="0"/>
<U id="28" f="13" l="26" c="149" d="229" a="0"/>
<U id="29" f="12" l="59" c="119" d="68" a="0"/>
<U id="30" f="10" l="303" c="79" d="40" a="0"/>
<U id="31" f="10" l="307" c="40" d="101" a="1"/>
<U id="32" f="14" l="481" c="11" d="35" a="0"/>
<U id="33" f="12" l="85" c="111" d="162" a="0"/>
<U id="34" f="13" l="26" c="113" d="229" a="0"/>
<U id="35" f="13" l="27" c="149" d="229" a="0"/>
<U id="36" f="12" l="104" c="34" d="312" a="0"/>
<U id="37" f="10" l="271" c="23" d="7" a="0"/>
<U id="38" f="10" l="308" c="40" d="103" a="1"/>
<U id="39" f="13" l="27" c="113" d="229" a="0"/>
<U id="40" f="10" l="328" c="39" d="12" a="0"/>
<U id="41" f="14" l="473" c="11" d="43" a="0"/>
<U id="42" f="13" l="28" c="149" d="229" a="0"/>
<U id="43" f="10" l="251" c="70" d="194" a="0"/>
<U id="44" f="12" l="63" c="114" d="115" a="0"/>
<U id="45" f="10" l="327" c="40" d="9" a="0"/>
<U id="46" f="10" l="318" c="40" d="101" a="1"/>
<U id="47" f="13" l="28" c="113" d="216" a="0"/>
<U id="48" f="10" l="251" c="43" d="226" a="0"/>
<U id="49" f="10" l="257" c="39" d="226" a="0"/>
<U id="50" f="10" l="263" c="32" d="135" a="0"/>
<U id="51" f="10" l="271" c="51" d="51" a="0"/>
<U id="52" f="13" l="29" c="149" d="229" a="0"/>
<U id="53" f="14" l="465" c="11" d="41" a="0"/>
<U id="54" f="10" l="184" c="31" d="11" a="0"/>
<U id="55" f="10" l="252" c="70" d="217" a="0"/>
<U id="56" f="10" l="167" c="12" d="8" a="0"/>
<U id="57" f="13" l="29" c="113" d="216" a="0"/>
<U id="58" f="10" l="187" c="11" d="128" a="1"/>
<U id="59" f="10" l="319" c="40" d="103" a="1"/>
<U id="60" f="10" l="183" c="32" d="8" a="0"/>
<U id="61" f="10" l="252" c="43" d="226" a="0"/>
<U id="62" f="10" l="263" c="60" d="84" a="1"/>
<U id="63" f="10" l="181" c="79" d="127" a="0"/>
<U id="64" f="10" l="287" c="20" d="12" a="0"/>
<U id="65" f="10" l="180" c="89" d="8" a="0"/>
<U id="66" f="10" l="253" c="70" d="223" a="0"/>
<U id="67" f="14" l="457" c="11" d="53" a="0"/>
<U id="68" f="10" l="180" c="80" d="127" a="0"/>
<U id="69" f="10" l="253" c="43" d="226" a="0"/>
<U id="70" f="10" l="335" c="79" d="133" a="0"/>
<U id="71" f="13" l="26" c="134" d="229" a="0"/>
<U id="72" f="10" l="254" c="70" d="201" a="0"/>
<U id="73" f="10" l="258" c="40" d="226" a="0"/>
<U id="74" f="10" l="310" c="38" d="93" a="0"/>
<U id="75" f="10" l="272" c="43" d="83" a="0"/>
<U id="76" f="14" l="449" c="11" d="57" a="0"/>
<U id="77" f="10" l="308" c="79" d="40" a="0"/>
<U id="78" f="10" l="254" c="43" d="226" a="0"/>
<U id="79" f="10" l="332" c="45" d="175" a="0"/>
<U id="80" f="10" l="261" c="81" d="39" a="0"/>
<U id="81" f="13" l="27" c="134" d="216" a="0"/>
<U id="82" f="10" l="268" c="40" d="24" a="0"/>
<U id="83" f="13" l="22" c="146" d="229" a="0"/>
<U id="84" f="10" l="255" c="70" d="269" a="0"/>
<U id="85" f="10" l="332" c="18" d="226" a="0"/>
<U id="86" f="10" l="271" c="17" d="2" a="0"/>
<U id="87" f="10" l="302" c="38" d="93" a="0"/>
<U id="88" f="10" l="284" c="51" d="151" a="0"/>
<U id="89" f="12" l="103" c="38" d="312" a="0"/>
<U id="90" f="10" l="255" c="43" d="226" a="0"/>
<U id="91" f="10" l="333" c="45" d="185" a="0"/>
<U id="92" f="13" l="28" c="134" d="216" a="0"/>
<U id="93" f="10" l="292" c="52" d="93" a="0"/>
<U id="94" f="10" l="324" c="45" d="175" a="0"/>
<U id="95" f="13" l="23" c="146" d="229" a="0"/>
<U id="96" f="10" l="284" c="24" d="9" a="1"/>
<U id="97" f="10" l="295" c="41" d="78" a="1"/>
<U id="98" f="10" l="174" c="16" d="11" a="1"/>
<U id="99" f="10" l="333" c="18" d="226" a="0"/>
<U id="100" f="10" l="272" c="17" d="44" a="0"/>
<U id="101" f="10" l="274" c="43" d="165" a="0"/>
<U id="102" f="10" l="324" c="18" d="226" a="0"/>
<U id="103" f="10" l="327" c="16" d="151" a="1"/>
<U id="104" f="10" l="262" c="45" d="44" a="0"/>
<U id="105" f="13" l="29" c="134" d="229" a="0"/>
<U id="106" f="10" l="261" c="64" d="82" a="0"/>
<U id="107" f="10" l="262" c="36" d="214" a="0"/>
<U id="108" f="10" l="270" c="55" d="87" a="0"/>
<U id="109" f="14" l="488" c="11" d="62" a="0"/>
<U id="110" f="13" l="24" c="146" d="229" a="0"/>
<U id="111" f="10" l="274" c="16" d="38" a="1"/>
<U id="112" f="10" l="325" c="45" d="185" a="0"/>
<U id="113" f="10" l="165" c="62" d="276" a="0"/>
<U id="114" f="10" l="296" c="41" d="76" a="1"/>
<U id="115" f="10" l="180" c="37" d="231" a="0"/>
<U id="116" f="10" l="261" c="37" d="128" a="1"/>
<U id="117" f="10" l="325" c="18" d="226" a="0"/>
<U id="118" f="10" l="328" c="16" d="143" a="1"/>
<U id="119" f="10" l="164" c="63" d="265" a="0"/>
<U id="120" f="10" l="165" c="35" d="226" a="0"/>
<U id="121" f="10" l="303" c="57" d="97" a="0"/>
<U id="122" f="13" l="25" c="146" d="229" a="0"/>
<U id="123" f="10" l="295" c="24" d="101" a="1"/>
<U id="124" f="10" l="164" c="36" d="226" a="0"/>
<U id="125" f="10" l="181" c="37" d="246" a="0"/>
<U id="126" f="10" l="167" c="89" d="78" a="1"/>
<U id="127" f="10" l="304" c="57" d="76" a="1"/>
<U id="128" f="10" l="296" c="24" d="103" a="1"/>
<U id="129" f="10" l="177" c="25" d="78" a="1"/>
<U id="130" f="10" l="289" c="50" d="143" a="0"/>
<U id="131" f="10" l="306" c="38" d="93" a="0"/>
<U id="132" f="10" l="335" c="37" d="278" a="0"/>
<U id="133" f="10" l="177" c="80" d="8" a="0"/>
<U id="134" f="10" l="296" c="70" d="12" a="0"/>
<U id="135" f="10" l="172" c="47" d="76" a="1"/>
<U id="136" f="10" l="178" c="25" d="76" a="1"/>
<U id="137" f="10" l="295" c="71" d="12" a="0"/>
<U id="138" f="10" l="169" c="16" d="8" a="1"/>
<U id="139" f="10" l="278" c="43" d="165" a="0"/>
<U id="140" f="10" l="172" c="84" d="76" a="1"/>
<U id="141" f="10" l="278" c="16" d="38" a="1"/>
<U id="142" f="10" l="282" c="56" d="78" a="1"/>
<U id="143" f="10" l="289" c="24" d="12" a="1"/>
<U id="144" f="10" l="304" c="86" d="12" a="0"/>
<U id="145" f="10" l="307" c="57" d="78" a="1"/>
<U id="146" f="10" l="333" c="95" d="143" a="0"/>
<U id="147" f="10" l="178" c="54" d="11" a="0"/>
<U id="148" f="10" l="308" c="57" d="99" a="0"/>
<U id="149" f="10" l="333" c="86" d="127" a="0"/>
<U id="150" f="10" l="332" c="96" d="151" a="0"/>
<U id="151" f="10" l="177" c="55" d="11" a="0"/>
<U id="152" f="10" l="332" c="87" d="127" a="0"/>
<U id="153" f="10" l="318" c="57" d="78" a="1"/>
<U id="154" f="10" l="325" c="95" d="12" a="0"/>
<U id="155" f="10" l="325" c="86" d="127" a="0"/>
<U id="156" f="10" l="324" c="96" d="9" a="0"/>
<U id="157" f="10" l="324" c="87" d="127" a="0"/>
<U id="158" f="10" l="319" c="57" d="76" a="1"/>
<U id="159" f="10" l="287" c="55" d="76" a="1"/>
<U id="160" f="10" l="257" c="66" d="290" a="0"/>
<U id="161" f="10" l="167" c="48" d="78" a="1"/>
<U id="162" f="10" l="287" c="92" d="76" a="1"/>
<U id="163" f="10" l="307" c="87" d="12" a="0"/>
<U id="164" f="10" l="187" c="38" d="85" a="0"/>
<U id="165" f="10" l="181" c="88" d="11" a="0"/>
<U id="166" f="10" l="319" c="86" d="12" a="0"/>
<U id="167" f="10" l="258" c="67" d="270" a="0"/>
<U id="168" f="10" l="318" c="87" d="12" a="0"/>
<U id="169" f="10" l="335" c="88" d="38" a="0"/>
<U id="170" f="10" l="282" c="97" d="78" a="1"/>
<U id="171" f="10" l="187" c="58" d="63" a="0"/>
<U id="172" f="10" l="187" c="86" d="80" a="0"/>
<U id="173" f="10" l="295" c="96" d="9" a="0"/>
<U id="174" f="10" l="252" c="112" d="127" a="0"/>
<U id="175" f="10" l="254" c="120" d="114" a="0"/>
<U id="176" f="10" l="251" c="113" d="127" a="0"/>
<U id="177" f="10" l="261" c="149" d="128" a="1"/>
<U id="178" f="10" l="255" c="111" d="114" a="0"/>
<U id="179" f="10" l="307" c="112" d="9" a="0"/>
<U id="180" f="10" l="318" c="112" d="9" a="0"/>
<U id="181" f="12" l="100" c="118" d="68" a="0"/>
<U id="182" f="10" l="261" c="133" d="82" a="0"/>
<U id="183" f="10" l="261" c="106" d="128" a="1"/>
<U id="184" f="10" l="265" c="122" d="84" a="1"/>
<U id="185" f="10" l="264" c="114" d="88" a="1"/>
<U id="186" f="10" l="165" c="105" d="127" a="0"/>
<U id="187" f="10" l="266" c="114" d="20" a="0"/>
<U id="188" f="10" l="257" c="114" d="137" a="0"/>
<U id="189" f="10" l="164" c="107" d="127" a="0"/>
<U id="190" f="10" l="258" c="114" d="286" a="0"/>
<U id="191" f="10" l="253" c="108" d="114" a="0"/>
<U id="192" f="10" l="261" c="191" d="128" a="1"/>
<U id="193" f="10" l="261" c="218" d="82" a="0"/>
<U id="194" f="10" l="261" c="176" d="85" a="0"/>
<U id="195" f="10" l="265" c="157" d="84" a="1"/>
<U id="196" f="8" l="41" c="4" d="188" a="0"/>
<U id="197" f="8" l="42" c="4" d="188" a="0"/>
<U id="198" f="6" l="31" c="6" d="229" a="0"/>
<U id="199" f="6" l="32" c="6" d="229" a="0"/>
<U id="200" f="1" l="50" c="8" d="94" a="0"/>
<U id="201" f="8" l="46" c="4" d="66" a="0"/>
<U id="202" f="8" l="47" c="4" d="188" a="0"/>
<U id="203" f="7" l="52" c="7" d="98" a="0"/>
<U id="204" f="8" l="32" c="8" d="188" a="0"/>
<U id="205" f="4" l="43" c="8" d="229" a="0"/>
<U id="206" f="8" l="33" c="8" d="188" a="0"/>
<U id="207" f="8" l="24" c="8" d="188" a="0"/>
<U id="208" f="4" l="53" c="8" d="193" a="0"/>
<U id="209" f="6" l="25" c="8" d="229" a="0"/>
<U id="210" f="6" l="28" c="6" d="229" a="0"/>
<U id="211" f="4" l="35" c="8" d="165" a="0"/>
<U id="212" f="8" l="34" c="8" d="188" a="0"/>
<U id="213" f="8" l="25" c="8" d="188" a="0"/>
<U id="214" f="1" l="84" c="7" d="121" a="0"/>
<U id="215" f="6" l="26" c="8" d="229" a="0"/>
<U id="216" f="6" l="29" c="6" d="229" a="0"/>
<U id="217" f="8" l="26" c="8" d="188" a="0"/>
<U id="218" f="8" l="27" c="8" d="188" a="0"/>
<U id="219" f="4" l="38" c="8" d="188" a="0"/>
<U id="220" f="8" l="28" c="8" d="188" a="0"/>
<U id="221" f="4" l="48" c="8" d="262" a="0"/>
<U id="222" f="1" l="49" c="8" d="94" a="0"/>
<U id="223" f="14" l="11322" c="9" d="70" a="0"/>
<U id="224" f="3" l="111" c="3" d="229" a="0"/>
<U id="225" f="3" l="112" c="3" d="229" a="0"/>
<U id="226" f="5" l="41" c="21" d="105" a="0"/>
<U id="227" f="3" l="113" c="3" d="193" a="0"/>
<U id="228" f="4" l="260" c="2" d="89" a="0"/>
<U id="229" f="3" l="114" c="3" d="193" a="0"/>
<U id="230" f="6" l="41" c="13" d="188" a="0"/>
<U id="231" f="4" l="224" c="2" d="95" a="0"/>
<U id="232" f="12" l="82" c="1" d="188" a="0"/>
<U id="233" f="4" l="261" c="2" d="89" a="0"/>
<U id="234" f="6" l="42" c="13" d="188" a="0"/>
<U id="235" f="3" l="115" c="3" d="193" a="0"/>
<U id="236" f="4" l="234" c="2" d="110" a="0"/>
<U id="237" f="4" l="262" c="2" d="89" a="0"/>
<U id="238" f="6" l="43" c="13" d="188" a="0"/>
<U id="239" f="4" l="244" c="2" d="102" a="0"/>
<U id="240" f="1" l="84" c="39" d="121" a="0"/>
<U id="241" f="11" l="38" c="1" d="188" a="0"/>
<U id="242" f="3" l="116" c="3" d="193" a="0"/>
<U id="243" f="4" l="263" c="2" d="89" a="0"/>
<U id="244" f="6" l="44" c="13" d="229" a="0"/>
<U id="245" f="6" l="45" c="13" d="229" a="0"/>
<U id="246" f="4" l="264" c="2" d="91" a="0"/>
<U id="247" f="4" l="255" c="2" d="89" a="0"/>
<U id="248" f="12" l="63" c="4" d="302" a="0"/>
<U id="249" f="4" l="120" c="8" d="206" a="0"/>
<U id="250" f="13" l="31" c="7" d="229" a="0"/>
<U id="251" f="13" l="22" c="7" d="216" a="0"/>
<U id="252" f="4" l="265" c="2" d="91" a="0"/>
<U id="253" f="8" l="35" c="14" d="68" a="0"/>
<U id="254" f="4" l="256" c="2" d="89" a="0"/>
<U id="255" f="4" l="130" c="8" d="242" a="0"/>
<U id="256" f="9" l="210" c="8" d="229" a="0"/>
<U id="257" f="13" l="41" c="7" d="229" a="0"/>
<U id="258" f="10" l="70" c="7" d="66" a="0"/>
<U id="259" f="4" l="229" c="2" d="106" a="0"/>
<U id="260" f="13" l="23" c="7" d="229" a="0"/>
<U id="261" f="4" l="266" c="2" d="92" a="0"/>
<U id="262" f="4" l="140" c="8" d="184" a="0"/>
<U id="263" f="4" l="257" c="2" d="89" a="0"/>
<U id="264" f="4" l="239" c="2" d="93" a="0"/>
<U id="265" f="13" l="33" c="7" d="229" a="0"/>
<U id="266" f="13" l="24" c="7" d="216" a="0"/>
<U id="267" f="4" l="150" c="8" d="193" a="0"/>
<U id="268" f="4" l="267" c="2" d="79" a="0"/>
<U id="269" f="4" l="258" c="2" d="89" a="0"/>
<U id="270" f="13" l="43" c="7" d="216" a="0"/>
<U id="271" f="12" l="66" c="4" d="302" a="0"/>
<U id="272" f="9" l="411" c="8" d="216" a="0"/>
<U id="273" f="12" l="98" c="1" d="188" a="0"/>
<U id="274" f="9" l="321" c="8" d="216" a="0"/>
<U id="275" f="10" l="63" c="7" d="229" a="0"/>
<U id="276" f="13" l="25" c="7" d="229" a="0"/>
<U id="277" f="4" l="268" c="2" d="91" a="0"/>
<U id="278" f="9" l="150" c="8" d="229" a="0"/>
<U id="279" f="12" l="61" c="8" d="302" a="0"/>
<U id="280" f="12" l="85" c="4" d="252" a="0"/>
<U id="281" f="4" l="259" c="2" d="77" a="0"/>
<U id="282" f="9" l="222" c="8" d="229" a="0"/>
<U id="283" f="9" l="132" c="8" d="229" a="0"/>
<U id="284" f="9" l="204" c="8" d="229" a="0"/>
<U id="285" f="13" l="35" c="7" d="216" a="0"/>
<U id="286" f="9" l="611" c="8" d="229" a="0"/>
<U id="287" f="9" l="900" c="8" d="262" a="0"/>
<U id="288" f="10" l="64" c="7" d="229" a="0"/>
<U id="289" f="13" l="26" c="7" d="229" a="0"/>
<U id="290" f="9" l="810" c="8" d="262" a="0"/>
<U id="291" f="9" l="711" c="8" d="216" a="0"/>
<U id="292" f="13" l="45" c="7" d="216" a="0"/>
<U id="293" f="4" l="125" c="8" d="216" a="0"/>
<U id="294" f="9" l="251" c="8" d="262" a="0"/>
<U id="295" f="3" l="107" c="8" d="193" a="0"/>
<U id="296" f="13" l="27" c="7" d="216" a="0"/>
<U id="297" f="9" l="441" c="8" d="216" a="0"/>
<U id="298" f="9" l="351" c="8" d="216" a="0"/>
<U id="299" f="4" l="135" c="8" d="184" a="0"/>
<U id="300" f="9" l="180" c="8" d="229" a="0"/>
<U id="301" f="9" l="423" c="8" d="216" a="0"/>
<U id="302" f="9" l="333" c="8" d="216" a="0"/>
<U id="303" f="13" l="37" c="7" d="216" a="0"/>
<U id="304" f="9" l="162" c="8" d="229" a="0"/>
<U id="305" f="9" l="405" c="8" d="216" a="0"/>
<U id="306" f="13" l="28" c="7" d="216" a="0"/>
<U id="307" f="9" l="315" c="8" d="216" a="0"/>
<U id="308" f="4" l="145" c="8" d="193" a="0"/>
<U id="309" f="9" l="144" c="8" d="229" a="0"/>
<U id="310" f="9" l="641" c="8" d="229" a="0"/>
<U id="311" f="9" l="930" c="8" d="262" a="0"/>
<U id="312" f="9" l="216" c="8" d="229" a="0"/>
<U id="313" f="9" l="470" c="8" d="242" a="0"/>
<U id="314" f="9" l="840" c="8" d="262" a="0"/>
<U id="315" f="9" l="623" c="8" d="229" a="0"/>
<U id="316" f="9" l="912" c="8" d="262" a="0"/>
<U id="317" f="9" l="741" c="8" d="216" a="0"/>
<U id="318" f="9" l="822" c="8" d="262" a="0"/>
<U id="319" f="13" l="29" c="7" d="229" a="0"/>
<U id="320" f="9" l="605" c="8" d="229" a="0"/>
<U id="321" f="9" l="723" c="8" d="216" a="0"/>
<U id="322" f="9" l="804" c="8" d="262" a="0"/>
<U id="323" f="9" l="381" c="8" d="216" a="0"/>
<U id="324" f="9" l="705" c="8" d="216" a="0"/>
<U id="325" f="13" l="39" c="7" d="229" a="0"/>
<U id="326" f="9" l="245" c="8" d="262" a="0"/>
<U id="327" f="9" l="363" c="8" d="216" a="0"/>
<U id="328" f="9" l="192" c="8" d="229" a="0"/>
<U id="329" f="9" l="435" c="8" d="216" a="0"/>
<U id="330" f="9" l="345" c="8" d="216" a="0"/>
<U id="331" f="9" l="174" c="8" d="229" a="0"/>
<U id="332" f="9" l="417" c="8" d="216" a="0"/>
<U id="333" f="9" l="671" c="8" d="229" a="0"/>
<U id="334" f="9" l="960" c="8" d="262" a="0"/>
<U id="335" f="9" l="327" c="8" d="216" a="0"/>
<U id="336" f="9" l="870" c="8" d="262" a="0"/>
<U id="337" f="9" l="156" c="8" d="229" a="0"/>
<U id="338" f="9" l="653" c="8" d="229" a="0"/>
<U id="339" f="9" l="942" c="8" d="262" a="0"/>
<U id="340" f="9" l="228" c="8" d="229" a="0"/>
<U id="341" f="9" l="482" c="8" d="242" a="0"/>
<U id="342" f="9" l="771" c="8" d="216" a="0"/>
<U id="343" f="9" l="852" c="8" d="262" a="0"/>
<U id="344" f="9" l="138" c="8" d="229" a="0"/>
<U id="345" f="9" l="635" c="8" d="229" a="0"/>
<U id="346" f="9" l="924" c="8" d="262" a="0"/>
<U id="347" f="9" l="464" c="8" d="242" a="0"/>
<U id="348" f="9" l="753" c="8" d="216" a="0"/>
<U id="349" f="9" l="834" c="8" d="262" a="0"/>
<U id="350" f="9" l="617" c="8" d="229" a="0"/>
<U id="351" f="9" l="906" c="8" d="262" a="0"/>
<U id="352" f="9" l="735" c="8" d="216" a="0"/>
<U id="353" f="9" l="816" c="8" d="262" a="0"/>
<U id="354" f="9" l="393" c="8" d="216" a="0"/>
<U id="355" f="9" l="717" c="8" d="216" a="0"/>
<U id="356" f="9" l="257" c="8" d="262" a="0"/>
<U id="357" f="9" l="375" c="8" d="216" a="0"/>
<U id="358" f="9" l="239" c="8" d="262" a="0"/>
<U id="359" f="9" l="285" c="8" d="184" a="0"/>
<U id="360" f="9" l="447" c="8" d="216" a="0"/>
<U id="361" f="9" l="990" c="8" d="262" a="0"/>
<U id="362" f="9" l="357" c="8" d="216" a="0"/>
<U id="363" f="9" l="186" c="8" d="229" a="0"/>
<U id="364" f="9" l="429" c="8" d="216" a="0"/>
<U id="365" f="9" l="683" c="8" d="229" a="0"/>
<U id="366" f="9" l="972" c="8" d="262" a="0"/>
<U id="367" f="9" l="339" c="8" d="216" a="0"/>
<U id="368" f="9" l="593" c="8" d="229" a="0"/>
<U id="369" f="9" l="882" c="8" d="262" a="0"/>
<U id="370" f="9" l="168" c="8" d="229" a="0"/>
<U id="371" f="9" l="665" c="8" d="229" a="0"/>
<U id="372" f="9" l="954" c="8" d="262" a="0"/>
<U id="373" f="9" l="494" c="8" d="242" a="0"/>
<U id="374" f="9" l="783" c="8" d="216" a="0"/>
<U id="375" f="9" l="864" c="8" d="262" a="0"/>
<U id="376" f="9" l="647" c="8" d="229" a="0"/>
<U id="377" f="9" l="936" c="8" d="262" a="0"/>
<U id="378" f="9" l="476" c="8" d="242" a="0"/>
<U id="379" f="9" l="765" c="8" d="216" a="0"/>
<U id="380" f="9" l="846" c="8" d="262" a="0"/>
<U id="381" f="9" l="629" c="8" d="229" a="0"/>
<U id="382" f="9" l="918" c="8" d="262" a="0"/>
<U id="383" f="9" l="458" c="8" d="242" a="0"/>
<U id="384" f="9" l="747" c="8" d="216" a="0"/>
<U id="385" f="9" l="828" c="8" d="262" a="0"/>
<U id="386" f="9" l="729" c="8" d="216" a="0"/>
<U id="387" f="9" l="387" c="8" d="216" a="0"/>
<U id="388" f="9" l="369" c="8" d="216" a="0"/>
<U id="389" f="9" l="198" c="8" d="229" a="0"/>
<U id="390" f="9" l="984" c="8" d="262" a="0"/>
<U id="391" f="9" l="894" c="8" d="262" a="0"/>
<U id="392" f="9" l="677" c="8" d="229" a="0"/>
<U id="393" f="9" l="966" c="8" d="262" a="0"/>
<U id="394" f="9" l="876" c="8" d="262" a="0"/>
<U id="395" f="9" l="659" c="8" d="229" a="0"/>
<U id="396" f="9" l="948" c="8" d="262" a="0"/>
<U id="397" f="9" l="488" c="8" d="242" a="0"/>
<U id="398" f="9" l="777" c="8" d="216" a="0"/>
<U id="399" f="9" l="858" c="8" d="262" a="0"/>
<U id="400" f="9" l="759" c="8" d="216" a="0"/>
<U id="401" f="9" l="399" c="8" d="216" a="0"/>
<U id="402" f="9" l="689" c="8" d="229" a="0"/>
<U id="403" f="9" l="978" c="8" d="262" a="0"/>
<U id="404" f="9" l="599" c="8" d="229" a="0"/>
<U id="405" f="9" l="888" c="8" d="262" a="0"/>
<U id="406" f="9" l="798" c="8" d="262" a="0"/>
<U id="407" f="9" l="789" c="8" d="216" a="0"/>
<U id="408" f="9" l="699" c="8" d="216" a="0"/>
<U id="409" f="13" l="31" c="49" d="229" a="0"/>
<U id="410" f="11" l="42" c="13" d="251" a="0"/>
<U id="411" f="11" l="38" c="19" d="188" a="0"/>
<U id="412" f="13" l="33" c="49" d="216" a="0"/>
<U id="413" f="12" l="61" c="40" d="54" a="0"/>
<U id="414" f="12" l="64" c="29" d="302" a="0"/>
<U id="415" f="12" l="104" c="4" d="117" a="0"/>
<U id="416" f="12" l="63" c="21" d="108" a="0"/>
<U id="417" f="12" l="33" c="50" d="68" a="0"/>
<U id="418" f="12" l="31" c="24" d="188" a="0"/>
<U id="419" f="13" l="35" c="49" d="216" a="0"/>
<U id="420" f="13" l="41" c="42" d="216" a="0"/>
<U id="421" f="11" l="40" c="89" d="188" a="0"/>
<U id="422" f="4" l="275" c="20" d="105" a="0"/>
<U id="423" f="13" l="37" c="49" d="229" a="0"/>
<U id="424" f="12" l="66" c="21" d="112" a="0"/>
<U id="425" f="9" l="1001" c="8" d="242" a="0"/>
<U id="426" f="13" l="43" c="42" d="216" a="0"/>
<U id="427" f="12" l="85" c="21" d="116" a="0"/>
<U id="428" f="13" l="22" c="44" d="229" a="0"/>
<U id="429" f="12" l="67" c="30" d="302" a="0"/>
<U id="430" f="12" l="87" c="29" d="116" a="0"/>
<U id="431" f="12" l="32" c="44" d="67" a="0"/>
<U id="432" f="13" l="22" c="90" d="229" a="0"/>
<U id="433" f="12" l="61" c="25" d="96" a="0"/>
<U id="434" f="12" l="103" c="8" d="130" a="0"/>
<U id="435" f="12" l="57" c="22" d="188" a="0"/>
<U id="436" f="13" l="23" c="44" d="229" a="0"/>
<U id="437" f="12" l="64" c="60" d="302" a="0"/>
<U id="438" f="10" l="240" c="8" d="188" a="0"/>
<U id="439" f="13" l="45" c="42" d="229" a="0"/>
<U id="440" f="13" l="23" c="90" d="229" a="0"/>
<U id="441" f="13" l="24" c="44" d="229" a="0"/>
<U id="442" f="12" l="87" c="12" d="252" a="0"/>
<U id="443" f="9" l="1121" c="8" d="242" a="0"/>
<U id="444" f="9" l="1031" c="8" d="242" a="0"/>
<U id="445" f="10" l="241" c="8" d="188" a="0"/>
<U id="446" f="9" l="1103" c="8" d="242" a="0"/>
<U id="447" f="13" l="24" c="90" d="229" a="0"/>
<U id="448" f="13" l="31" c="64" d="229" a="0"/>
<U id="449" f="11" l="42" c="36" d="285" a="0"/>
<U id="450" f="9" l="1013" c="8" d="242" a="0"/>
<U id="451" f="13" l="22" c="55" d="229" a="0"/>
<U id="452" f="13" l="25" c="44" d="229" a="0"/>
<U id="453" f="12" l="82" c="25" d="188" a="0"/>
<U id="454" f="11" l="42" c="73" d="285" a="0"/>
<U id="455" f="10" l="251" c="8" d="9" a="1"/>
<U id="456" f="13" l="25" c="90" d="229" a="0"/>
<U id="457" f="12" l="63" c="53" d="112" a="0"/>
<U id="458" f="10" l="161" c="8" d="229" a="0"/>
<U id="459" f="10" l="242" c="8" d="229" a="0"/>
<U id="460" f="13" l="23" c="55" d="229" a="0"/>
<U id="461" f="13" l="40" c="56" d="229" a="0"/>
<U id="462" f="10" l="261" c="8" d="7" a="1"/>
<U id="463" f="13" l="33" c="64" d="229" a="0"/>
<U id="464" f="13" l="39" c="42" d="229" a="0"/>
<U id="465" f="10" l="252" c="8" d="12" a="1"/>
<U id="466" f="10" l="162" c="8" d="229" a="0"/>
<U id="467" f="10" l="243" c="8" d="229" a="0"/>
<U id="468" f="13" l="24" c="55" d="216" a="0"/>
<U id="469" f="9" l="1151" c="8" d="242" a="0"/>
<U id="470" f="13" l="41" c="56" d="229" a="0"/>
<U id="471" f="9" l="1061" c="8" d="242" a="0"/>
<U id="472" f="13" l="32" c="56" d="229" a="0"/>
<U id="473" f="9" l="1133" c="8" d="242" a="0"/>
<U id="474" f="12" l="63" c="36" d="302" a="0"/>
<U id="475" f="12" l="85" c="52" d="108" a="0"/>
<U id="476" f="10" l="262" c="8" d="20" a="1"/>
<U id="477" f="9" l="1043" c="8" d="242" a="0"/>
<U id="478" f="13" l="22" c="75" d="229" a="0"/>
<U id="479" f="12" l="67" c="61" d="302" a="0"/>
<U id="480" f="10" l="253" c="8" d="39" a="1"/>
<U id="481" f="9" l="1115" c="8" d="242" a="0"/>
<U id="482" f="11" l="39" c="89" d="188" a="0"/>
<U id="483" f="13" l="25" c="55" d="216" a="0"/>
<U id="484" f="13" l="40" c="48" d="229" a="0"/>
<U id="485" f="12" l="66" c="80" d="146" a="0"/>
<U id="486" f="10" l="244" c="8" d="229" a="0"/>
<U id="487" f="9" l="1025" c="8" d="242" a="0"/>
<U id="488" f="13" l="42" c="56" d="216" a="0"/>
<U id="489" f="9" l="1007" c="8" d="242" a="0"/>
<U id="490" f="13" l="35" c="64" d="216" a="0"/>
<U id="491" f="12" l="66" c="53" d="96" a="0"/>
<U id="492" f="13" l="23" c="75" d="229" a="0"/>
<U id="493" f="10" l="263" c="8" d="24" a="1"/>
<U id="494" f="11" l="42" c="57" d="314" a="0"/>
<U id="495" f="12" l="64" c="91" d="104" a="0"/>
<U id="496" f="10" l="254" c="8" d="10" a="1"/>
<U id="497" f="13" l="26" c="46" d="229" a="0"/>
<U id="498" f="13" l="32" c="48" d="229" a="0"/>
<U id="499" f="13" l="43" c="56" d="216" a="0"/>
<U id="500" f="10" l="164" c="8" d="8" a="1"/>
<U id="501" f="10" l="245" c="8" d="229" a="0"/>
<U id="502" f="13" l="34" c="56" d="216" a="0"/>
<U id="503" f="12" l="85" c="35" d="252" a="0"/>
<U id="504" f="13" l="24" c="75" d="229" a="0"/>
<U id="505" f="13" l="26" c="92" d="229" a="0"/>
<U id="506" f="12" l="63" c="83" d="302" a="0"/>
<U id="507" f="13" l="42" c="48" d="229" a="0"/>
<U id="508" f="12" l="64" c="46" d="116" a="0"/>
<U id="509" f="10" l="183" c="8" d="151" a="1"/>
<U id="510" f="9" l="1181" c="8" d="242" a="0"/>
<U id="511" f="13" l="27" c="46" d="229" a="0"/>
<U id="512" f="13" l="44" c="56" d="216" a="0"/>
<U id="513" f="10" l="255" c="8" d="44" a="1"/>
<U id="514" f="9" l="1091" c="8" d="242" a="0"/>
<U id="515" f="10" l="165" c="8" d="11" a="1"/>
<U id="516" f="10" l="246" c="8" d="165" a="0"/>
<U id="517" f="9" l="1163" c="8" d="242" a="0"/>
<U id="518" f="13" l="37" c="64" d="216" a="0"/>
<U id="519" f="12" l="66" c="36" d="302" a="0"/>
<U id="520" f="10" l="237" c="8" d="188" a="0"/>
<U id="521" f="9" l="1073" c="8" d="242" a="0"/>
<U id="522" f="13" l="25" c="75" d="229" a="0"/>
<U id="523" f="13" l="27" c="92" d="229" a="0"/>
<U id="524" f="9" l="1145" c="8" d="242" a="0"/>
<U id="525" f="9" l="1055" c="8" d="242" a="0"/>
<U id="526" f="13" l="28" c="46" d="229" a="0"/>
<U id="527" f="13" l="34" c="48" d="229" a="0"/>
<U id="528" f="13" l="45" c="56" d="216" a="0"/>
<U id="529" f="10" l="184" c="8" d="143" a="1"/>
<U id="530" f="9" l="1127" c="8" d="242" a="0"/>
<U id="531" f="13" l="36" c="56" d="216" a="0"/>
<U id="532" f="9" l="1037" c="8" d="242" a="0"/>
<U id="533" f="9" l="1109" c="8" d="242" a="0"/>
<U id="534" f="13" l="28" c="92" d="229" a="0"/>
<U id="535" f="10" l="238" c="8" d="188" a="0"/>
<U id="536" f="9" l="1019" c="8" d="242" a="0"/>
<U id="537" f="12" l="83" c="56" d="67" a="0"/>
<U id="538" f="13" l="44" c="48" d="229" a="0"/>
<U id="539" f="13" l="26" c="57" d="229" a="0"/>
<U id="540" f="13" l="29" c="46" d="229" a="0"/>
<U id="541" f="13" l="46" c="56" d="229" a="0"/>
<U id="542" f="10" l="257" c="8" d="40" a="1"/>
<U id="543" f="13" l="29" c="92" d="229" a="0"/>
<U id="544" f="10" l="248" c="8" d="262" a="0"/>
<U id="545" f="10" l="239" c="8" d="188" a="0"/>
<U id="546" f="13" l="27" c="57" d="229" a="0"/>
<U id="547" f="13" l="36" c="48" d="229" a="0"/>
<U id="548" f="13" l="38" c="56" d="229" a="0"/>
<U id="549" f="12" l="67" c="92" d="107" a="0"/>
<U id="550" f="10" l="177" c="8" d="101" a="1"/>
<U id="551" f="10" l="258" c="8" d="45" a="1"/>
<U id="552" f="9" l="1175" c="8" d="242" a="0"/>
<U id="553" f="13" l="46" c="48" d="229" a="0"/>
<U id="554" f="10" l="249" c="8" d="93" a="0"/>
<U id="555" f="9" l="1085" c="8" d="242" a="0"/>
<U id="556" f="13" l="28" c="57" d="216" a="0"/>
<U id="557" f="9" l="1157" c="8" d="242" a="0"/>
<U id="558" f="13" l="39" c="56" d="229" a="0"/>
<U id="559" f="9" l="1067" c="8" d="242" a="0"/>
<U id="560" f="12" l="67" c="47" d="116" a="0"/>
<U id="561" f="9" l="1139" c="8" d="242" a="0"/>
<U id="562" f="10" l="268" c="8" d="51" a="1"/>
<U id="563" f="9" l="1049" c="8" d="242" a="0"/>
<U id="564" f="13" l="26" c="77" d="229" a="0"/>
<U id="565" f="12" l="63" c="68" d="146" a="0"/>
<U id="566" f="12" l="85" c="84" d="96" a="0"/>
<U id="567" f="10" l="178" c="8" d="103" a="1"/>
<U id="568" f="12" l="98" c="27" d="188" a="0"/>
<U id="569" f="13" l="29" c="57" d="216" a="0"/>
<U id="570" f="13" l="38" c="48" d="229" a="0"/>
<U id="571" f="12" l="64" c="77" d="96" a="0"/>
<U id="572" f="13" l="27" c="77" d="229" a="0"/>
<U id="573" f="12" l="58" c="57" d="67" a="0"/>
<U id="574" f="12" l="66" c="67" d="119" a="0"/>
<U id="575" f="13" l="28" c="77" d="229" a="0"/>
<U id="576" f="12" l="85" c="67" d="252" a="0"/>
<U id="577" f="9" l="1187" c="8" d="242" a="0"/>
<U id="578" f="9" l="1097" c="8" d="242" a="0"/>
<U id="579" f="9" l="1169" c="8" d="242" a="0"/>
<U id="580" f="9" l="1079" c="8" d="242" a="0"/>
<U id="581" f="13" l="29" c="77" d="229" a="0"/>
<U id="582" f="12" l="99" c="56" d="67" a="0"/>
<U id="583" f="12" l="67" c="78" d="96" a="0"/>
<U id="584" f="12" l="85" c="98" d="111" a="0"/>
</Uses>
<Blocks>
<B id="1" t="if" f="10" l="172" c="8">
<BEGIN l="173" c="8"/>
<END l="175" c="8"/>
</B>
<B id="2" t="if" f="10" l="167" c="8">
<BEGIN l="168" c="8"/>
<END l="170" c="8"/>
</B>
<B id="3" t="routine" f="10" l="155" c="5">
<BEGIN l="156" c="0"/>
<END l="192" c="0"/>
<SUB d="1"/>
<SUB d="2"/>
</B>
<B id="4" t="case" f="10" l="316" c="32">
<BEGIN l="318" c="40"/>
<END l="320" c="37"/>
</B>
<B id="5" t="case" f="10" l="310" c="32">
<BEGIN l="310" c="68"/>
<END l="310" c="68"/>
</B>
<B id="6" t="case" f="10" l="306" c="32">
<BEGIN l="307" c="40"/>
<END l="309" c="37"/>
</B>
<B id="7" t="case" f="10" l="302" c="32">
<BEGIN l="303" c="40"/>
<END l="305" c="37"/>
</B>
<B id="8" t="switch" f="10" l="300" c="24">
<BEGIN l="301" c="24"/>
<END l="321" c="24"/>
<CASE d="4"/>
<CASE d="5"/>
<CASE d="6"/>
<CASE d="7"/>
</B>
<B id="9" t="else" f="10" l="298" c="16">
<BEGIN l="299" c="16"/>
<END l="322" c="16"/>
<SUB d="8"/>
</B>
<B id="10" t="if" f="10" l="292" c="16">
<BEGIN l="293" c="16"/>
<END l="297" c="16"/>
<ELSE d="9"/>
</B>
<B id="11" t="if" f="10" l="287" c="16">
<BEGIN l="288" c="16"/>
<END l="290" c="16"/>
</B>
<B id="12" t="if" f="10" l="282" c="16">
<BEGIN l="283" c="16"/>
<END l="285" c="16"/>
</B>
<B id="13" t="else" f="10" l="330" c="8">
<BEGIN l="331" c="8"/>
<END l="334" c="8"/>
</B>
<B id="14" t="if" f="10" l="280" c="8">
<BEGIN l="281" c="8"/>
<END l="329" c="8"/>
<SUB d="10"/>
<SUB d="11"/>
<SUB d="12"/>
<ELSE d="13"/>
</B>
<B id="15" t="else" f="10" l="276" c="8">
<BEGIN l="277" c="8"/>
<END l="279" c="8"/>
</B>
<B id="16" t="if" f="10" l="270" c="8">
<BEGIN l="273" c="8"/>
<END l="275" c="8"/>
<ELSE d="15"/>
</B>
<B id="17" t="routine" f="10" l="230" c="5">
<BEGIN l="231" c="0"/>
<END l="340" c="0"/>
<SUB d="14"/>
<SUB d="16"/>
</B>
<B id="18" t="ppcif" f="15" l="15" c="0">
<BEGIN l="15" c="27"/>
<END l="330" c="0"/>
</B>
<B id="19" t="ppcif" f="15" l="25" c="0">
<BEGIN l="25" c="19"/>
<END l="155" c="0"/>
</B>
<B id="20" t="ppcrmif" f="15" l="46" c="0">
<BEGIN l="46" c="93"/>
<END l="91" c="0"/>
</B>
<B id="21" t="ppcrmif" f="15" l="94" c="0">
<BEGIN l="94" c="91"/>
<END l="153" c="0"/>
</B>
<B id="22" t="ppcrmelse" f="15" l="155" c="0">
<BEGIN l="155" c="35"/>
<END l="328" c="0"/>
</B>
<B id="23" t="ppcif" f="16" l="11" c="0">
<BEGIN l="11" c="27"/>
<END l="36" c="0"/>
</B>
<B id="24" t="ppcrmif" f="16" l="14" c="0">
<BEGIN l="14" c="19"/>
<END l="29" c="0"/>
</B>
<B id="25" t="ppcelse" f="16" l="29" c="0">
<BEGIN l="29" c="5"/>
<END l="33" c="0"/>
</B>
<B id="26" t="ppcif" f="1" l="22" c="0">
<BEGIN l="22" c="17"/>
<END l="109" c="0"/>
</B>
<B id="27" t="ppcrmif" f="1" l="39" c="0">
<BEGIN l="39" c="66"/>
<END l="43" c="0"/>
</B>
<B id="28" t="ppcelse" f="1" l="43" c="0">
<BEGIN l="43" c="60"/>
<END l="47" c="0"/>
</B>
<B id="29" t="ppcrmif" f="1" l="52" c="0">
<BEGIN l="52" c="18"/>
<END l="58" c="0"/>
</B>
<B id="30" t="ppcrmif" f="1" l="62" c="0">
<BEGIN l="62" c="33"/>
<END l="80" c="0"/>
</B>
<B id="31" t="ppcelse" f="1" l="80" c="0">
<BEGIN l="80" c="31"/>
<END l="93" c="0"/>
</B>
<B id="32" t="ppcrmif" f="1" l="96" c="0">
<BEGIN l="96" c="14"/>
<END l="106" c="0"/>
</B>
<B id="33" t="ppcif" f="17" l="3" c="0">
<BEGIN l="3" c="29"/>
<END l="348" c="0"/>
</B>
<B id="34" t="ppcif" f="17" l="61" c="0">
<BEGIN l="63" c="27"/>
<END l="66" c="0"/>
</B>
<B id="35" t="ppcrmif" f="17" l="165" c="0">
<BEGIN l="165" c="17"/>
<END l="206" c="0"/>
</B>
<B id="36" t="ppcrmif" f="17" l="209" c="0">
<BEGIN l="209" c="37"/>
<END l="211" c="0"/>
</B>
<B id="37" t="ppcrmif" f="17" l="213" c="0">
<BEGIN l="213" c="44"/>
<END l="321" c="0"/>
</B>
<B id="38" t="ppcif" f="17" l="323" c="0">
<BEGIN l="323" c="18"/>
<END l="346" c="0"/>
</B>
<B id="39" t="ppcrmif" f="17" l="326" c="0">
<BEGIN l="326" c="18"/>
<END l="328" c="0"/>
</B>
<B id="40" t="ppcrmif" f="17" l="329" c="0">
<BEGIN l="329" c="63"/>
<END l="331" c="0"/>
</B>
<B id="41" t="ppcrmif" f="17" l="332" c="0">
<BEGIN l="332" c="64"/>
<END l="334" c="0"/>
</B>
<B id="42" t="ppcrmif" f="17" l="335" c="0">
<BEGIN l="335" c="16"/>
<END l="340" c="0"/>
</B>
<B id="43" t="ppcif" f="17" l="343" c="0">
<BEGIN l="343" c="57"/>
<END l="345" c="0"/>
</B>
<B id="44" t="ppcif" f="5" l="24" c="0">
<BEGIN l="24" c="31"/>
<END l="230" c="0"/>
</B>
<B id="45" t="ppcrmif" f="5" l="27" c="0">
<BEGIN l="27" c="35"/>
<END l="29" c="0"/>
</B>
<B id="46" t="ppcrmif" f="5" l="32" c="0">
<BEGIN l="32" c="19"/>
<END l="35" c="0"/>
</B>
<B id="47" t="ppcrmif" f="5" l="214" c="0">
<BEGIN l="214" c="19"/>
<END l="216" c="0"/>
</B>
<B id="48" t="ppcif" f="5" l="219" c="0">
<BEGIN l="219" c="26"/>
<END l="227" c="0"/>
</B>
<B id="49" t="ppcif" f="5" l="220" c="0">
<BEGIN l="220" c="25"/>
<END l="224" c="0"/>
</B>
<B id="50" t="ppcrmif" f="5" l="221" c="0">
<BEGIN l="221" c="37"/>
<END l="223" c="0"/>
</B>
<B id="51" t="ppcrmelse" f="5" l="224" c="0">
<BEGIN l="224" c="7"/>
<END l="226" c="0"/>
</B>
<B id="52" t="type" f="4" l="223" c="0">
<BEGIN l="223" c="0"/>
<END l="225" c="0"/>
</B>
<B id="53" t="type" f="4" l="228" c="0">
<BEGIN l="228" c="0"/>
<END l="230" c="0"/>
</B>
<B id="54" t="type" f="4" l="233" c="0">
<BEGIN l="233" c="0"/>
<END l="235" c="0"/>
</B>
<B id="55" t="type" f="4" l="238" c="0">
<BEGIN l="238" c="0"/>
<END l="240" c="0"/>
</B>
<B id="56" t="type" f="4" l="243" c="0">
<BEGIN l="243" c="0"/>
<END l="245" c="0"/>
</B>
<B id="57" t="type" f="4" l="252" c="7">
<BEGIN l="252" c="30"/>
<END l="270" c="0"/>
</B>
<B id="58" t="ppcif" f="4" l="24" c="0">
<BEGIN l="24" c="19"/>
<END l="292" c="0"/>
</B>
<B id="59" t="ppcrmif" f="4" l="56" c="0">
<BEGIN l="56" c="79"/>
<END l="60" c="0"/>
</B>
<B id="60" t="ppcelse" f="4" l="60" c="0">
<BEGIN l="60" c="6"/>
<END l="63" c="0"/>
</B>
<B id="61" t="ppcrmif" f="4" l="64" c="0">
<BEGIN l="64" c="79"/>
<END l="68" c="0"/>
</B>
<B id="62" t="ppcelse" f="4" l="68" c="0">
<BEGIN l="68" c="6"/>
<END l="71" c="0"/>
</B>
<B id="63" t="ppcrmif" f="4" l="72" c="0">
<BEGIN l="72" c="83"/>
<END l="76" c="0"/>
</B>
<B id="64" t="ppcelse" f="4" l="76" c="0">
<BEGIN l="76" c="6"/>
<END l="79" c="0"/>
</B>
<B id="65" t="ppcrmif" f="4" l="80" c="0">
<BEGIN l="80" c="89"/>
<END l="84" c="0"/>
</B>
<B id="66" t="ppcelse" f="4" l="84" c="0">
<BEGIN l="84" c="6"/>
<END l="87" c="0"/>
</B>
<B id="67" t="ppcrmif" f="4" l="88" c="0">
<BEGIN l="88" c="107"/>
<END l="92" c="0"/>
</B>
<B id="68" t="ppcelse" f="4" l="92" c="0">
<BEGIN l="92" c="6"/>
<END l="95" c="0"/>
</B>
<B id="69" t="ppcrmif" f="4" l="96" c="0">
<BEGIN l="96" c="85"/>
<END l="100" c="0"/>
</B>
<B id="70" t="ppcelse" f="4" l="100" c="0">
<BEGIN l="100" c="6"/>
<END l="103" c="0"/>
</B>
<B id="71" t="ppcrmif" f="4" l="104" c="0">
<BEGIN l="104" c="87"/>
<END l="108" c="0"/>
</B>
<B id="72" t="ppcelse" f="4" l="108" c="0">
<BEGIN l="108" c="6"/>
<END l="111" c="0"/>
</B>
<B id="73" t="ppcif" f="4" l="114" c="0">
<BEGIN l="114" c="38"/>
<END l="154" c="0"/>
</B>
<B id="74" t="ppcrmif" f="4" l="161" c="0">
<BEGIN l="161" c="69"/>
<END l="165" c="0"/>
</B>
<B id="75" t="ppcelse" f="4" l="165" c="0">
<BEGIN l="165" c="6"/>
<END l="168" c="0"/>
</B>
<B id="76" t="ppcrmif" f="4" l="170" c="0">
<BEGIN l="170" c="67"/>
<END l="174" c="0"/>
</B>
<B id="77" t="ppcelse" f="4" l="174" c="0">
<BEGIN l="174" c="6"/>
<END l="177" c="0"/>
</B>
<B id="78" t="ppcrmif" f="4" l="179" c="0">
<BEGIN l="179" c="67"/>
<END l="183" c="0"/>
</B>
<B id="79" t="ppcelse" f="4" l="183" c="0">
<BEGIN l="183" c="6"/>
<END l="186" c="0"/>
</B>
<B id="80" t="ppcrmif" f="4" l="188" c="0">
<BEGIN l="188" c="101"/>
<END l="192" c="0"/>
</B>
<B id="81" t="ppcelse" f="4" l="192" c="0">
<BEGIN l="192" c="6"/>
<END l="195" c="0"/>
</B>
<B id="82" t="ppcrmif" f="4" l="197" c="0">
<BEGIN l="197" c="67"/>
<END l="201" c="0"/>
</B>
<B id="83" t="ppcelse" f="4" l="201" c="0">
<BEGIN l="201" c="6"/>
<END l="204" c="0"/>
</B>
<B id="84" t="ppcrmif" f="4" l="206" c="0">
<BEGIN l="206" c="67"/>
<END l="210" c="0"/>
</B>
<B id="85" t="ppcelse" f="4" l="210" c="0">
<BEGIN l="210" c="6"/>
<END l="213" c="0"/>
</B>
<B id="86" t="ppcif" f="4" l="281" c="0">
<BEGIN l="281" c="26"/>
<END l="289" c="0"/>
</B>
<B id="87" t="ppcif" f="4" l="282" c="0">
<BEGIN l="282" c="25"/>
<END l="286" c="0"/>
</B>
<B id="88" t="ppcrmif" f="4" l="283" c="0">
<BEGIN l="283" c="37"/>
<END l="285" c="0"/>
</B>
<B id="89" t="ppcrmelse" f="4" l="286" c="0">
<BEGIN l="286" c="7"/>
<END l="288" c="0"/>
</B>
<B id="90" t="ppcif" f="18" l="25" c="0">
<BEGIN l="25" c="14"/>
<END l="81" c="0"/>
</B>
<B id="91" t="ppcrmif" f="18" l="41" c="0">
<BEGIN l="41" c="44"/>
<END l="43" c="0"/>
</B>
<B id="92" t="ppcrmif" f="18" l="45" c="0">
<BEGIN l="45" c="46"/>
<END l="47" c="0"/>
</B>
<B id="93" t="ppcif" f="18" l="70" c="0">
<BEGIN l="70" c="26"/>
<END l="78" c="0"/>
</B>
<B id="94" t="ppcrmif" f="18" l="71" c="0">
<BEGIN l="71" c="25"/>
<END l="75" c="0"/>
</B>
<B id="95" t="ppcelse" f="18" l="75" c="0">
<BEGIN l="75" c="7"/>
<END l="77" c="0"/>
</B>
<B id="96" t="type" f="3" l="110" c="0">
<BEGIN l="110" c="0"/>
<END l="117" c="0"/>
</B>
<B id="97" t="ppcif" f="3" l="49" c="0">
<BEGIN l="49" c="19"/>
<END l="130" c="0"/>
</B>
<B id="98" t="ppcif" f="3" l="97" c="0">
<BEGIN l="97" c="26"/>
<END l="101" c="0"/>
</B>
<B id="99" t="ppcif" f="2" l="46" c="0">
<BEGIN l="46" c="24"/>
<END l="145" c="0"/>
</B>
<B id="100" t="ppcif" f="2" l="88" c="0">
<BEGIN l="88" c="12"/>
<END l="90" c="0"/>
</B>
<B id="101" t="ppcif" f="2" l="92" c="0">
<BEGIN l="92" c="13"/>
<END l="94" c="0"/>
</B>
<B id="102" t="ppcif" f="19" l="47" c="0">
<BEGIN l="47" c="18"/>
<END l="171" c="0"/>
</B>
<B id="103" t="ppcif" f="19" l="90" c="0">
<BEGIN l="90" c="16"/>
<END l="92" c="0"/>
</B>
<B id="104" t="ppcif" f="20" l="18" c="0">
<BEGIN l="18" c="22"/>
<END l="23" c="0"/>
</B>
<B id="105" t="ppcif" f="21" l="18" c="0">
<BEGIN l="18" c="16"/>
<END l="23" c="0"/>
</B>
<B id="106" t="ppcif" f="6" l="19" c="0">
<BEGIN l="19" c="22"/>
<END l="46" c="0"/>
</B>
<B id="107" t="ppcif" f="12" l="17" c="0">
<BEGIN l="17" c="17"/>
<END l="459" c="0"/>
</B>
<B id="108" t="routine" f="12" l="57" c="6">
<BEGIN l="60" c="0"/>
<END l="70" c="0"/>
</B>
<B id="109" t="routine" f="12" l="82" c="9">
<BEGIN l="84" c="0"/>
<END l="88" c="0"/>
</B>
<B id="110" t="routine" f="12" l="98" c="9">
<BEGIN l="101" c="0"/>
<END l="106" c="0"/>
</B>
<B id="111" t="ppcif" f="22" l="24" c="0">
<BEGIN l="24" c="15"/>
<END l="443" c="0"/>
</B>
<B id="112" t="ppcrmif" f="22" l="34" c="0">
<BEGIN l="34" c="19"/>
<END l="43" c="0"/>
</B>
<B id="113" t="ppcrmif" f="22" l="76" c="0">
<BEGIN l="76" c="46"/>
<END l="124" c="0"/>
</B>
<B id="114" t="ppcrmif" f="22" l="130" c="0">
<BEGIN l="130" c="45"/>
<END l="133" c="0"/>
</B>
<B id="115" t="ppcrmif" f="22" l="137" c="0">
<BEGIN l="137" c="19"/>
<END l="255" c="0"/>
</B>
<B id="116" t="ppcrmif" f="22" l="257" c="0">
<BEGIN l="257" c="17"/>
<END l="272" c="0"/>
</B>
<B id="117" t="ppcrmif" f="22" l="275" c="0">
<BEGIN l="275" c="17"/>
<END l="313" c="0"/>
</B>
<B id="118" t="ppcelse" f="22" l="313" c="0">
<BEGIN l="313" c="17"/>
<END l="320" c="0"/>
</B>
<B id="119" t="ppcrmif" f="22" l="315" c="0">
<BEGIN l="315" c="19"/>
<END l="318" c="0"/>
</B>
<B id="120" t="ppcrmif" f="22" l="324" c="0">
<BEGIN l="324" c="44"/>
<END l="338" c="0"/>
</B>
<B id="121" t="ppcrmif" f="22" l="343" c="0">
<BEGIN l="343" c="16"/>
<END l="357" c="0"/>
</B>
<B id="122" t="ppcif" f="22" l="363" c="0">
<BEGIN l="363" c="57"/>
<END l="365" c="0"/>
</B>
<B id="123" t="ppcrmif" f="22" l="367" c="0">
<BEGIN l="367" c="47"/>
<END l="380" c="0"/>
</B>
<B id="124" t="ppcrmif" f="22" l="383" c="0">
<BEGIN l="383" c="27"/>
<END l="385" c="0"/>
</B>
<B id="125" t="ppcrmif" f="22" l="387" c="0">
<BEGIN l="387" c="19"/>
<END l="438" c="0"/>
</B>
<B id="126" t="ppcif" f="23" l="19" c="0">
<BEGIN l="19" c="19"/>
<END l="345" c="0"/>
</B>
<B id="127" t="ppcif" f="23" l="113" c="0">
<BEGIN l="113" c="27"/>
<END l="115" c="0"/>
</B>
<B id="128" t="ppcrmif" f="23" l="127" c="0">
<BEGIN l="127" c="46"/>
<END l="130" c="0"/>
</B>
<B id="129" t="ppcelse" f="23" l="130" c="0">
<BEGIN l="130" c="5"/>
<END l="132" c="0"/>
</B>
<B id="130" t="ppcrmif" f="23" l="136" c="0">
<BEGIN l="139" c="50"/>
<END l="141" c="0"/>
</B>
<B id="131" t="ppcrmif" f="23" l="144" c="0">
<BEGIN l="144" c="18"/>
<END l="161" c="0"/>
</B>
<B id="132" t="ppcrmif" f="23" l="165" c="0">
<BEGIN l="168" c="51"/>
<END l="171" c="0"/>
</B>
<B id="133" t="ppcrmif" f="23" l="177" c="0">
<BEGIN l="178" c="66"/>
<END l="180" c="0"/>
</B>
<B id="134" t="ppcrmif" f="23" l="184" c="0">
<BEGIN l="185" c="56"/>
<END l="192" c="0"/>
</B>
<B id="135" t="ppcrmif" f="23" l="194" c="0">
<BEGIN l="194" c="74"/>
<END l="196" c="0"/>
</B>
<B id="136" t="ppcrmif" f="23" l="198" c="0">
<BEGIN l="198" c="76"/>
<END l="200" c="0"/>
</B>
<B id="137" t="ppcrmif" f="23" l="202" c="0">
<BEGIN l="202" c="36"/>
<END l="204" c="0"/>
</B>
<B id="138" t="ppcrmif" f="23" l="206" c="0">
<BEGIN l="206" c="36"/>
<END l="208" c="0"/>
</B>
<B id="139" t="ppcrmif" f="23" l="210" c="0">
<BEGIN l="210" c="36"/>
<END l="212" c="0"/>
</B>
<B id="140" t="ppcrmif" f="23" l="214" c="0">
<BEGIN l="214" c="20"/>
<END l="231" c="0"/>
</B>
<B id="141" t="ppcrmif" f="23" l="233" c="0">
<BEGIN l="233" c="24"/>
<END l="235" c="0"/>
</B>
<B id="142" t="ppcrmif" f="23" l="237" c="0">
<BEGIN l="237" c="26"/>
<END l="239" c="0"/>
</B>
<B id="143" t="ppcrmif" f="23" l="241" c="0">
<BEGIN l="241" c="56"/>
<END l="243" c="0"/>
</B>
<B id="144" t="ppcrmif" f="23" l="245" c="0">
<BEGIN l="245" c="47"/>
<END l="247" c="0"/>
</B>
<B id="145" t="ppcrmif" f="23" l="249" c="0">
<BEGIN l="249" c="18"/>
<END l="251" c="0"/>
</B>
<B id="146" t="ppcrmif" f="23" l="253" c="0">
<BEGIN l="253" c="19"/>
<END l="255" c="0"/>
</B>
<B id="147" t="ppcrmif" f="23" l="257" c="0">
<BEGIN l="257" c="18"/>
<END l="259" c="0"/>
</B>
<B id="148" t="ppcrmif" f="23" l="261" c="0">
<BEGIN l="261" c="46"/>
<END l="263" c="0"/>
</B>
<B id="149" t="ppcrmif" f="23" l="265" c="0">
<BEGIN l="274" c="37"/>
<END l="280" c="0"/>
</B>
<B id="150" t="ppcelse" f="23" l="280" c="0">
<BEGIN l="280" c="5"/>
<END l="282" c="0"/>
</B>
<B id="151" t="ppcrmif" f="23" l="309" c="0">
<BEGIN l="312" c="64"/>
<END l="314" c="0"/>
</B>
<B id="152" t="ppcif" f="23" l="317" c="0">
<BEGIN l="317" c="21"/>
<END l="329" c="0"/>
</B>
<B id="153" t="ppcif" f="23" l="318" c="0">
<BEGIN l="318" c="21"/>
<END l="320" c="0"/>
</B>
<B id="154" t="ppcrmif" f="23" l="324" c="0">
<BEGIN l="324" c="55"/>
<END l="327" c="0"/>
</B>
<B id="155" t="ppcrmif" f="23" l="332" c="0">
<BEGIN l="333" c="59"/>
<END l="335" c="0"/>
</B>
<B id="156" t="ppcif" f="24" l="19" c="0">
<BEGIN l="19" c="20"/>
<END l="296" c="0"/>
</B>
<B id="157" t="ppcrmif" f="24" l="23" c="0">
<BEGIN l="23" c="19"/>
<END l="25" c="0"/>
</B>
<B id="158" t="ppcrmif" f="24" l="30" c="0">
<BEGIN l="30" c="41"/>
<END l="32" c="0"/>
</B>
<B id="159" t="ppcrmif" f="24" l="38" c="0">
<BEGIN l="38" c="15"/>
<END l="60" c="0"/>
</B>
<B id="160" t="ppcelse" f="24" l="60" c="0">
<BEGIN l="60" c="21"/>
<END l="71" c="0"/>
</B>
<B id="161" t="ppcrmif" f="24" l="90" c="0">
<BEGIN l="90" c="18"/>
<END l="93" c="0"/>
</B>
<B id="162" t="ppcelse" f="24" l="93" c="0">
<BEGIN l="93" c="5"/>
<END l="96" c="0"/>
</B>
<B id="163" t="ppcrmif" f="24" l="104" c="0">
<BEGIN l="104" c="58"/>
<END l="111" c="0"/>
</B>
<B id="164" t="ppcelse" f="24" l="111" c="0">
<BEGIN l="111" c="5"/>
<END l="121" c="0"/>
</B>
<B id="165" t="ppcif" f="24" l="125" c="0">
<BEGIN l="125" c="28"/>
<END l="129" c="0"/>
</B>
<B id="166" t="ppcrmif" f="24" l="138" c="0">
<BEGIN l="138" c="24"/>
<END l="146" c="0"/>
</B>
<B id="167" t="ppcelse" f="24" l="146" c="0">
<BEGIN l="146" c="5"/>
<END l="157" c="0"/>
</B>
<B id="168" t="ppcrmif" f="24" l="147" c="0">
<BEGIN l="147" c="16"/>
<END l="149" c="0"/>
</B>
<B id="169" t="ppcelse" f="24" l="149" c="0">
<BEGIN l="149" c="6"/>
<END l="156" c="0"/>
</B>
<B id="170" t="ppcrmif" f="24" l="150" c="0">
<BEGIN l="150" c="61"/>
<END l="152" c="0"/>
</B>
<B id="171" t="ppcelse" f="24" l="152" c="0">
<BEGIN l="152" c="7"/>
<END l="155" c="0"/>
</B>
<B id="172" t="ppcrmif" f="24" l="170" c="0">
<BEGIN l="170" c="37"/>
<END l="189" c="0"/>
</B>
<B id="173" t="ppcif" f="24" l="194" c="0">
<BEGIN l="194" c="37"/>
<END l="196" c="0"/>
</B>
<B id="174" t="ppcrmif" f="24" l="201" c="0">
<BEGIN l="201" c="24"/>
<END l="203" c="0"/>
</B>
<B id="175" t="ppcelse" f="24" l="203" c="0">
<BEGIN l="203" c="5"/>
<END l="205" c="0"/>
</B>
<B id="176" t="ppcrmif" f="24" l="210" c="0">
<BEGIN l="210" c="24"/>
<END l="212" c="0"/>
</B>
<B id="177" t="ppcelse" f="24" l="212" c="0">
<BEGIN l="212" c="5"/>
<END l="214" c="0"/>
</B>
<B id="178" t="ppcrmif" f="24" l="219" c="0">
<BEGIN l="219" c="23"/>
<END l="222" c="0"/>
</B>
<B id="179" t="ppcelse" f="24" l="222" c="0">
<BEGIN l="222" c="5"/>
<END l="225" c="0"/>
</B>
<B id="180" t="ppcrmif" f="24" l="228" c="0">
<BEGIN l="228" c="23"/>
<END l="230" c="0"/>
</B>
<B id="181" t="ppcelse" f="24" l="230" c="0">
<BEGIN l="230" c="5"/>
<END l="232" c="0"/>
</B>
<B id="182" t="ppcrmif" f="24" l="240" c="0">
<BEGIN l="240" c="23"/>
<END l="242" c="0"/>
</B>
<B id="183" t="ppcelse" f="24" l="242" c="0">
<BEGIN l="242" c="5"/>
<END l="244" c="0"/>
</B>
<B id="184" t="ppcrmif" f="24" l="250" c="0">
<BEGIN l="250" c="24"/>
<END l="253" c="0"/>
</B>
<B id="185" t="ppcelse" f="24" l="253" c="0">
<BEGIN l="253" c="5"/>
<END l="255" c="0"/>
</B>
<B id="186" t="ppcrmif" f="24" l="259" c="0">
<BEGIN l="259" c="23"/>
<END l="261" c="0"/>
</B>
<B id="187" t="ppcelse" f="24" l="261" c="0">
<BEGIN l="261" c="5"/>
<END l="263" c="0"/>
</B>
<B id="188" t="ppcif" f="24" l="269" c="0">
<BEGIN l="269" c="24"/>
<END l="271" c="0"/>
</B>
<B id="189" t="ppcif" f="24" l="274" c="0">
<BEGIN l="274" c="25"/>
<END l="276" c="0"/>
</B>
<B id="190" t="ppcrmif" f="24" l="281" c="0">
<BEGIN l="281" c="44"/>
<END l="283" c="0"/>
</B>
<B id="191" t="ppcelse" f="24" l="283" c="0">
<BEGIN l="283" c="5"/>
<END l="294" c="0"/>
</B>
<B id="192" t="ppcrmif" f="24" l="284" c="0">
<BEGIN l="284" c="16"/>
<END l="286" c="0"/>
</B>
<B id="193" t="ppcelse" f="24" l="286" c="0">
<BEGIN l="286" c="6"/>
<END l="293" c="0"/>
</B>
<B id="194" t="ppcrmif" f="24" l="287" c="0">
<BEGIN l="287" c="61"/>
<END l="289" c="0"/>
</B>
<B id="195" t="ppcelse" f="24" l="289" c="0">
<BEGIN l="289" c="7"/>
<END l="292" c="0"/>
</B>
<B id="196" t="ppcrmif" f="25" l="6" c="0">
<BEGIN l="6" c="12"/>
<END l="8" c="0"/>
</B>
<B id="197" t="type" f="7" l="43" c="14">
<BEGIN l="43" c="14"/>
<END l="43" c="50"/>
</B>
<B id="198" t="initializer" f="7" l="52" c="20">
<BEGIN l="52" c="31"/>
<END l="52" c="68"/>
</B>
<B id="199" t="ppcrmif" f="7" l="22" c="0">
<BEGIN l="22" c="15"/>
<END l="24" c="0"/>
</B>
<B id="200" t="ppcrmif" f="7" l="28" c="0">
<BEGIN l="28" c="22"/>
<END l="30" c="0"/>
</B>
<B id="201" t="ppcrmelif" f="7" l="30" c="0">
<BEGIN l="30" c="5"/>
<END l="32" c="0"/>
</B>
<B id="202" t="ppcrmelif" f="7" l="32" c="0">
<BEGIN l="32" c="5"/>
<END l="39" c="0"/>
</B>
<B id="203" t="ppcrmelse" f="7" l="39" c="0">
<BEGIN l="39" c="19"/>
<END l="55" c="0"/>
</B>
<B id="204" t="ppcrmif" f="7" l="45" c="0">
<BEGIN l="45" c="33"/>
<END l="47" c="0"/>
</B>
<B id="205" t="ppcif" f="7" l="48" c="0">
<BEGIN l="48" c="36"/>
<END l="50" c="0"/>
</B>
<B id="206" t="ppcif" f="26" l="19" c="0">
<BEGIN l="19" c="17"/>
<END l="58" c="0"/>
</B>
<B id="207" t="ppcif" f="26" l="41" c="0">
<BEGIN l="41" c="26"/>
<END l="43" c="0"/>
</B>
<B id="208" t="ppcrmif" f="26" l="45" c="0">
<BEGIN l="45" c="16"/>
<END l="50" c="0"/>
</B>
<B id="209" t="ppcif" f="26" l="52" c="0">
<BEGIN l="52" c="35"/>
<END l="54" c="0"/>
</B>
<B id="210" t="ppcrmelif" f="26" l="54" c="0">
<BEGIN l="54" c="5"/>
<END l="56" c="0"/>
</B>
<B id="211" t="ppcrmif" f="27" l="3" c="0">
<BEGIN l="3" c="17"/>
<END l="5" c="0"/>
</B>
<B id="212" t="ppcrmif" f="28" l="19" c="0">
<BEGIN l="19" c="43"/>
<END l="21" c="0"/>
</B>
<B id="213" t="ppcrmif" f="28" l="23" c="0">
<BEGIN l="23" c="71"/>
<END l="48" c="0"/>
</B>
<B id="214" t="ppcrmif" f="29" l="46" c="0">
<BEGIN l="46" c="15"/>
<END l="48" c="0"/>
</B>
<B id="215" t="ppcrmif" f="29" l="80" c="0">
<BEGIN l="80" c="16"/>
<END l="84" c="0"/>
</B>
<B id="216" t="ppcrmif" f="29" l="86" c="0">
<BEGIN l="86" c="78"/>
<END l="95" c="0"/>
</B>
<B id="217" t="ppcrmif" f="29" l="119" c="0">
<BEGIN l="119" c="16"/>
<END l="124" c="0"/>
</B>
<B id="218" t="ppcrmif" f="29" l="126" c="0">
<BEGIN l="126" c="78"/>
<END l="137" c="0"/>
</B>
<B id="219" t="ppcrmif" f="29" l="139" c="0">
<BEGIN l="139" c="19"/>
<END l="147" c="0"/>
</B>
<B id="220" t="ppcrmif" f="29" l="160" c="0">
<BEGIN l="160" c="69"/>
<END l="165" c="0"/>
</B>
<B id="221" t="ppcrmif" f="29" l="167" c="0">
<BEGIN l="167" c="78"/>
<END l="172" c="0"/>
</B>
<B id="222" t="ppcrmif" f="29" l="199" c="0">
<BEGIN l="199" c="17"/>
<END l="213" c="0"/>
</B>
<B id="223" t="ppcrmif" f="29" l="215" c="0">
<BEGIN l="215" c="46"/>
<END l="220" c="0"/>
</B>
<B id="224" t="ppcrmif" f="29" l="222" c="0">
<BEGIN l="222" c="19"/>
<END l="227" c="0"/>
</B>
<B id="225" t="ppcrmif" f="29" l="233" c="0">
<BEGIN l="233" c="45"/>
<END l="244" c="0"/>
</B>
<B id="226" t="ppcrmif" f="29" l="247" c="0">
<BEGIN l="247" c="69"/>
<END l="254" c="0"/>
</B>
<B id="227" t="ppcrmif" f="29" l="256" c="0">
<BEGIN l="256" c="19"/>
<END l="261" c="0"/>
</B>
<B id="228" t="ppcrmif" f="29" l="263" c="0">
<BEGIN l="263" c="45"/>
<END l="266" c="0"/>
</B>
<B id="229" t="ppcrmif" f="29" l="268" c="0">
<BEGIN l="268" c="17"/>
<END l="273" c="0"/>
</B>
<B id="230" t="ppcrmif" f="29" l="276" c="0">
<BEGIN l="276" c="78"/>
<END l="298" c="0"/>
</B>
<B id="231" t="ppcrmif" f="29" l="300" c="0">
<BEGIN l="300" c="19"/>
<END l="356" c="0"/>
</B>
<B id="232" t="ppcrmif" f="29" l="358" c="0">
<BEGIN l="358" c="78"/>
<END l="360" c="0"/>
</B>
<B id="233" t="ppcrmif" f="29" l="362" c="0">
<BEGIN l="362" c="54"/>
<END l="365" c="0"/>
</B>
<B id="234" t="ppcif" f="11" l="18" c="0">
<BEGIN l="18" c="21"/>
<END l="184" c="0"/>
</B>
<B id="235" t="routine" f="11" l="38" c="9">
<BEGIN l="41" c="0"/>
<END l="43" c="0"/>
</B>
<B id="236" t="type" f="8" l="23" c="15">
<BEGIN l="23" c="15"/>
<END l="29" c="0"/>
</B>
<B id="237" t="type" f="8" l="31" c="15">
<BEGIN l="31" c="15"/>
<END l="36" c="0"/>
</B>
<B id="238" t="type" f="8" l="40" c="15">
<BEGIN l="40" c="15"/>
<END l="43" c="0"/>
</B>
<B id="239" t="type" f="8" l="45" c="15">
<BEGIN l="45" c="15"/>
<END l="48" c="0"/>
</B>
<B id="240" t="ppcif" f="8" l="17" c="0">
<BEGIN l="17" c="22"/>
<END l="50" c="0"/>
</B>
<B id="241" t="ppcif" f="30" l="18" c="0">
<BEGIN l="18" c="17"/>
<END l="167" c="0"/>
</B>
<B id="242" t="ppcif" f="9" l="18" c="0">
<BEGIN l="18" c="17"/>
<END l="2560" c="0"/>
</B>
<B id="243" t="ppcif" f="13" l="19" c="0">
<BEGIN l="19" c="23"/>
<END l="48" c="0"/>
</B>
</Blocks>
</Navig>
